date,sentiment_category,Closed PnL_sum,Closed PnL_mean,Closed PnL_median,Closed PnL_std,Closed PnL_count,Size USD_mean,Size USD_sum,is_profitable_mean,pnl_per_dollar_mean
2023-12-05,Extreme Fear,0.0,,,,0,,0.0,,
2023-12-05,Fear,0.0,,,,0,,0.0,,
2023-12-05,Greed,0.0,0.0,0.0,0.0,2,12499.31,24998.62,0.0,0.0
2023-12-05,Extreme Greed,0.0,,,,0,,0.0,,
2023-12-14,Extreme Fear,0.0,,,,0,,0.0,,
2023-12-14,Fear,0.0,,,,0,,0.0,,
2023-12-14,Greed,-527.2331300000001,-263.61656500000004,-263.61656500000004,354.10007605901257,2,12762.92,25525.84,0.0,-0.020643999232530363
2023-12-14,Extreme Greed,0.0,,,,0,,0.0,,
2023-12-22,Extreme Fear,0.0,,,,0,,0.0,,
2023-12-22,Fear,0.0,,,,0,,0.0,,
2023-12-22,Greed,141.832675,20.261810714285712,0.0,48.67037063197347,7,8459.449999999999,59216.149999999994,0.2857142857142857,0.0013708102441945902
2023-12-22,Extreme Greed,0.0,,,,0,,0.0,,
2023-12-24,Extreme Fear,0.0,,,,0,,0.0,,
2023-12-24,Fear,0.0,,,,0,,0.0,,
2023-12-24,Greed,-5.698476,-0.47487300000000005,0.0,2.960910627428694,12,16670.533333333336,200046.40000000002,0.3333333333333333,6.867753104035263e-06
2023-12-24,Extreme Greed,0.0,,,,0,,0.0,,
2023-12-29,Extreme Fear,0.0,,,,0,,0.0,,
2023-12-29,Fear,0.0,,,,0,,0.0,,
2023-12-29,Greed,24.302049999999998,6.075512499999999,0.03887,12.099212251275908,4,15777.7075,63110.83,0.75,0.0005836631721294768
2023-12-29,Extreme Greed,0.0,,,,0,,0.0,,
2023-12-30,Extreme Fear,0.0,,,,0,,0.0,,
2023-12-30,Fear,0.0,,,,0,,0.0,,
2023-12-30,Greed,35.896412000000026,2.393094133333335,0.27251,91.57041369780569,15,19966.016,299490.24,0.5333333333333333,0.0022050877515298116
2023-12-30,Extreme Greed,0.0,,,,0,,0.0,,
2024-01-01,Extreme Fear,0.0,,,,0,,0.0,,
2024-01-01,Fear,0.0,,,,0,,0.0,,
2024-01-01,Greed,281.677062,70.4192655,0.0,140.838531,4,25182.405,100729.62,0.25,0.0014021058387903933
2024-01-01,Extreme Greed,0.0,,,,0,,0.0,,
2024-01-02,Extreme Fear,0.0,,,,0,,0.0,,
2024-01-02,Fear,0.0,,,,0,,0.0,,
2024-01-02,Greed,-252.794221,-63.19855525,0.0,126.3971105,4,25551.802499999998,102207.20999999999,0.0,-0.0012336244372923822
2024-01-02,Extreme Greed,0.0,,,,0,,0.0,,
2024-01-05,Extreme Fear,0.0,,,,0,,0.0,,
2024-01-05,Fear,0.0,,,,0,,0.0,,
2024-01-05,Greed,226.57376300000004,5.034972511111112,0.0,70.2909281312414,45,26734.814666666665,1203066.66,0.2,0.0001790826489653345
2024-01-05,Extreme Greed,0.0,,,,0,,0.0,,
2024-01-06,Extreme Fear,0.0,,,,0,,0.0,,
2024-01-06,Fear,0.0,,,,0,,0.0,,
2024-01-06,Greed,-129.30096,-43.10032,-8.4,67.5081083152772,3,33387.753333333334,100163.26000000001,0.0,-0.0017123872519299729
2024-01-06,Extreme Greed,0.0,,,,0,,0.0,,
2024-01-07,Extreme Fear,0.0,,,,0,,0.0,,
2024-01-07,Fear,0.0,,,,0,,0.0,,
2024-01-07,Greed,-129.943901,-8.662926733333334,0.0,41.161799245613835,15,22985.746666666666,344786.2,0.26666666666666666,-0.0005663148454634482
2024-01-07,Extreme Greed,0.0,,,,0,,0.0,,
2024-01-08,Extreme Fear,0.0,,,,0,,0.0,,
2024-01-08,Fear,0.0,,,,0,,0.0,,
2024-01-08,Greed,574.1827549999999,14.004457439024389,0.0,141.5288558927825,41,18190.803658536584,745822.95,0.3902439024390244,0.000597972766006439
2024-01-08,Extreme Greed,0.0,,,,0,,0.0,,
2024-01-09,Extreme Fear,0.0,,,,0,,0.0,,
2024-01-09,Fear,0.0,,,,0,,0.0,,
2024-01-09,Greed,0.0,,,,0,,0.0,,
2024-01-09,Extreme Greed,547.545704,27.3772852,0.0,93.4555015246717,20,17467.9065,349358.13,0.15,0.0005513380084669097
2024-01-10,Extreme Fear,0.0,,,,0,,0.0,,
2024-01-10,Fear,0.0,,,,0,,0.0,,
2024-01-10,Greed,-206.15056199999995,-4.294803374999999,0.0,109.53848174811851,48,19580.742083333334,939875.62,0.3541666666666667,0.0001967876622466589
2024-01-10,Extreme Greed,0.0,,,,0,,0.0,,
2024-01-11,Extreme Fear,0.0,,,,0,,0.0,,
2024-01-11,Fear,0.0,,,,0,,0.0,,
2024-01-11,Greed,0.0,,,,0,,0.0,,
2024-01-11,Extreme Greed,-50.23381,-10.046762,0.0,22.46524278576174,5,19218.9,96094.5,0.0,-0.0004025920860550451
2024-01-12,Extreme Fear,0.0,,,,0,,0.0,,
2024-01-12,Fear,0.0,,,,0,,0.0,,
2024-01-12,Greed,-1925.519024,-320.9198373333333,0.0,721.7401905753026,6,33013.81166666667,198082.87,0.0,-0.0066389003011896675
2024-01-12,Extreme Greed,0.0,,,,0,,0.0,,
2024-01-15,Extreme Fear,0.0,,,,0,,0.0,,
2024-01-15,Fear,0.0,,,,0,,0.0,,
2024-01-15,Greed,0.0,0.0,0.0,0.0,5,10001.248,50006.24,0.0,0.0
2024-01-15,Extreme Greed,0.0,,,,0,,0.0,,
2024-01-16,Extreme Fear,0.0,,,,0,,0.0,,
2024-01-16,Fear,0.0,,,,0,,0.0,,
2024-01-16,Greed,-2431.1318579999997,-607.7829644999999,-468.46729799999997,1334.4451157351077,4,23427.2225,93708.89,0.5,-0.02979408316901793
2024-01-16,Extreme Greed,0.0,,,,0,,0.0,,
2024-01-17,Extreme Fear,0.0,,,,0,,0.0,,
2024-01-17,Fear,0.0,,,,0,,0.0,,
2024-01-17,Greed,-32.75793199999999,-1.3103172799999996,0.0,15.639952303412127,25,15996.6648,399916.62,0.12,-0.0002521242976492236
2024-01-17,Extreme Greed,0.0,,,,0,,0.0,,
2024-01-18,Extreme Fear,0.0,,,,0,,0.0,,
2024-01-18,Fear,0.0,,,,0,,0.0,,
2024-01-18,Greed,238.8017,9.552068,0.0,44.44778074906553,25,7989.833199999999,199745.83,0.12,0.0002882412021180252
2024-01-18,Extreme Greed,0.0,,,,0,,0.0,,
2024-01-19,Extreme Fear,0.0,,,,0,,0.0,,
2024-01-19,Fear,0.0,,,,0,,0.0,,
2024-01-19,Greed,-41.045332,-2.7363554666666667,0.0,79.76967576392774,15,14996.896,224953.44,0.3333333333333333,0.0010999492610722767
2024-01-19,Extreme Greed,0.0,,,,0,,0.0,,
2024-01-20,Extreme Fear,0.0,,,,0,,0.0,,
2024-01-20,Fear,0.0,,,,0,,0.0,,
2024-01-20,Greed,-569.841988,-16.281199657142857,0.0,49.97314086033002,35,14302.178,500576.23,0.0,-0.0008987088436744272
2024-01-20,Extreme Greed,0.0,,,,0,,0.0,,
2024-01-21,Extreme Fear,0.0,,,,0,,0.0,,
2024-01-21,Fear,0.0,,,,0,,0.0,,
2024-01-21,Greed,0.0,0.0,0.0,0.0,5,9999.310000000001,49996.55,0.0,0.0
2024-01-21,Extreme Greed,0.0,,,,0,,0.0,,
2024-01-22,Extreme Fear,0.0,,,,0,,0.0,,
2024-01-22,Fear,0.0,,,,0,,0.0,,
2024-01-22,Greed,-99.59926700000001,-8.299938916666667,0.0,28.672803349191305,12,10425.445833333333,125105.34999999999,0.0,-0.0005030189253878785
2024-01-22,Extreme Greed,0.0,,,,0,,0.0,,
2024-01-23,Extreme Fear,0.0,,,,0,,0.0,,
2024-01-23,Fear,0.0,,,,0,,0.0,,
2024-01-23,Greed,2470.894349,190.0687960769231,0.0,642.9460153853545,13,16825.663076923076,218733.62,0.23076923076923078,0.007785688804177016
2024-01-23,Extreme Greed,0.0,,,,0,,0.0,,
2024-01-24,Extreme Fear,0.0,,,,0,,0.0,,
2024-01-24,Fear,0.0,,,,0,,0.0,,
2024-01-24,Greed,220.74672700000002,8.175804703703704,0.0,69.81381258279842,27,16515.56111111111,445920.15,0.2222222222222222,0.0002756611228983216
2024-01-24,Extreme Greed,0.0,,,,0,,0.0,,
2024-01-29,Extreme Fear,0.0,,,,0,,0.0,,
2024-01-29,Fear,0.0,,,,0,,0.0,,
2024-01-29,Greed,54.032264,2.078164,0.0,5.353172241279625,26,7689.943076923077,199938.52,0.38461538461538464,0.00023005316571743237
2024-01-29,Extreme Greed,0.0,,,,0,,0.0,,
2024-01-30,Extreme Fear,0.0,,,,0,,0.0,,
2024-01-30,Fear,0.0,,,,0,,0.0,,
2024-01-30,Greed,-576.288932,-19.209631066666667,0.0,45.50248283221274,30,6685.845,200575.35,0.0,-0.0033425289386716924
2024-01-30,Extreme Greed,0.0,,,,0,,0.0,,
2024-01-31,Extreme Fear,0.0,,,,0,,0.0,,
2024-01-31,Fear,0.0,,,,0,,0.0,,
2024-01-31,Greed,-70.53156000000001,-0.13037256931608135,0.0,19.202136832623154,541,5828.333530499076,3153128.44,0.37153419593345655,0.00012198681739074532
2024-01-31,Extreme Greed,0.0,,,,0,,0.0,,
2024-02-02,Extreme Fear,0.0,,,,0,,0.0,,
2024-02-02,Fear,0.0,,,,0,,0.0,,
2024-02-02,Greed,48.349943999999994,3.453567428571428,0.0,24.47930024882346,14,14281.75857142857,199944.62,0.14285714285714285,-1.0192436318675771e-05
2024-02-02,Extreme Greed,0.0,,,,0,,0.0,,
2024-02-03,Extreme Fear,0.0,,,,0,,0.0,,
2024-02-03,Fear,0.0,,,,0,,0.0,,
2024-02-03,Greed,-330.656573,-8.701488763157894,0.0,32.62641454610792,38,7967.491315789473,302764.67,0.0,-0.0006002724040936857
2024-02-03,Extreme Greed,0.0,,,,0,,0.0,,
2024-02-04,Extreme Fear,0.0,,,,0,,0.0,,
2024-02-04,Fear,0.0,,,,0,,0.0,,
2024-02-04,Greed,312.585267,34.73169633333333,24.861816,39.74982978876,9,11347.903333333332,102131.12999999999,1.0,0.0030668773989462224
2024-02-04,Extreme Greed,0.0,,,,0,,0.0,,
2024-02-05,Extreme Fear,0.0,,,,0,,0.0,,
2024-02-05,Fear,0.0,,,,0,,0.0,,
2024-02-05,Greed,-110.55305100000001,-4.4221220400000005,0.0,47.093907725400406,25,12002.7924,300069.81,0.04,-0.0008641935062964944
2024-02-05,Extreme Greed,0.0,,,,0,,0.0,,
2024-02-06,Extreme Fear,0.0,,,,0,,0.0,,
2024-02-06,Fear,0.0,,,,0,,0.0,,
2024-02-06,Greed,830.300255,1.5519630934579438,0.0,13.083848120556556,535,7852.305345794393,4200983.36,0.2635514018691589,9.280014922890567e-05
2024-02-06,Extreme Greed,0.0,,,,0,,0.0,,
2024-02-11,Extreme Fear,0.0,,,,0,,0.0,,
2024-02-11,Fear,0.0,,,,0,,0.0,,
2024-02-11,Greed,1.832736,0.152728,0.0,0.5165327537438278,12,8361.8125,100341.75,0.3333333333333333,0.008667072588955655
2024-02-11,Extreme Greed,0.0,,,,0,,0.0,,
2024-02-12,Extreme Fear,0.0,,,,0,,0.0,,
2024-02-12,Fear,0.0,,,,0,,0.0,,
2024-02-12,Greed,-3522.533369,-391.3925965555556,-177.005988,400.7372406344061,9,11488.857777777777,103399.72,0.0,-0.03410142150838854
2024-02-12,Extreme Greed,0.0,,,,0,,0.0,,
2024-02-14,Extreme Fear,0.0,,,,0,,0.0,,
2024-02-14,Fear,0.0,,,,0,,0.0,,
2024-02-14,Greed,0.0,0.0,0.0,0.0,12,4166.599166666667,49999.19,0.0,0.0
2024-02-14,Extreme Greed,0.0,,,,0,,0.0,,
2024-02-15,Extreme Fear,0.0,,,,0,,0.0,,
2024-02-15,Fear,0.0,,,,0,,0.0,,
2024-02-15,Greed,-2467.497859,-822.4992863333333,-470.292557,1023.1873264875971,3,17488.89,52466.67,0.0,-0.047029687911669726
2024-02-15,Extreme Greed,0.0,,,,0,,0.0,,
2024-02-16,Extreme Fear,0.0,,,,0,,0.0,,
2024-02-16,Fear,0.0,,,,0,,0.0,,
2024-02-16,Greed,0.0,0.0,0.0,0.0,2,24999.875,49999.75,0.0,0.0
2024-02-16,Extreme Greed,0.0,,,,0,,0.0,,
2024-02-17,Extreme Fear,0.0,,,,0,,0.0,,
2024-02-17,Fear,0.0,,,,0,,0.0,,
2024-02-17,Greed,0.0,,,,0,,0.0,,
2024-02-17,Extreme Greed,147.01004999999998,29.402009999999997,14.74308,36.08929985425597,5,9970.547999999999,49852.74,1.0,0.0029488988704539122
2024-02-19,Extreme Fear,0.0,,,,0,,0.0,,
2024-02-19,Fear,0.0,,,,0,,0.0,,
2024-02-19,Greed,0.0037800000000000004,0.0009450000000000001,0.00021,0.0016221282316759055,4,10.9475,43.79,0.5,8.630136986301371e-05
2024-02-19,Extreme Greed,0.0,,,,0,,0.0,,
2024-02-20,Extreme Fear,0.0,,,,0,,0.0,,
2024-02-20,Fear,0.0,,,,0,,0.0,,
2024-02-20,Greed,-0.01449,-0.007245,-0.007245,0.010245977259393073,2,10.895,21.79,0.0,-0.000665289256198347
2024-02-20,Extreme Greed,0.0,,,,0,,0.0,,
2024-02-22,Extreme Fear,0.0,,,,0,,0.0,,
2024-02-22,Fear,0.0,,,,0,,0.0,,
2024-02-22,Greed,-0.00021,-0.000105,-0.000105,0.000148492424049175,2,10.83,21.66,0.0,-9.695290858725762e-06
2024-02-22,Extreme Greed,0.0,,,,0,,0.0,,
2024-02-23,Extreme Fear,0.0,,,,0,,0.0,,
2024-02-23,Fear,0.0,,,,0,,0.0,,
2024-02-23,Greed,0.0,,,,0,,0.0,,
2024-02-23,Extreme Greed,-0.00357,-0.001785,-0.001785,0.0025243712088359746,2,10.855,21.71,0.0,-0.00016451612903225807
2024-03-04,Extreme Fear,0.0,,,,0,,0.0,,
2024-03-04,Fear,0.0,,,,0,,0.0,,
2024-03-04,Greed,0.0,,,,0,,0.0,,
2024-03-04,Extreme Greed,0.01178,0.00589,0.00589,0.00832971788237753,2,11.95,23.9,0.5,0.0004924749163879599
2024-03-27,Extreme Fear,0.0,,,,0,,0.0,,
2024-03-27,Fear,0.0,,,,0,,0.0,,
2024-03-27,Greed,0.0,,,,0,,0.0,,
2024-03-27,Extreme Greed,-0.01552,-0.002586666666666667,-8e-05,0.005949261018535551,6,11.226666666666667,67.36,0.0,-0.00022921684736334827
2024-05-21,Extreme Fear,0.0,,,,0,,0.0,,
2024-05-21,Fear,0.0,,,,0,,0.0,,
2024-05-21,Greed,0.0,,,,0,,0.0,,
2024-05-21,Extreme Greed,-527.567728,-23.980351272727273,-1.0643935,33.984348409416135,22,12472.398636363638,274392.77,0.0,-0.001920621304304883
2024-05-29,Extreme Fear,0.0,,,,0,,0.0,,
2024-05-29,Fear,0.0,,,,0,,0.0,,
2024-05-29,Greed,1.50552,0.150552,0.054569999999999994,0.32907791879735715,10,200.044,2000.44,0.9,0.0013536947675495447
2024-05-29,Extreme Greed,0.0,,,,0,,0.0,,
2024-05-30,Extreme Fear,0.0,,,,0,,0.0,,
2024-05-30,Fear,0.0,,,,0,,0.0,,
2024-05-30,Greed,2.57278,1.28639,1.28639,1.8192301845011256,2,553.6600000000001,1107.3200000000002,0.5,0.0023288556583449496
2024-05-30,Extreme Greed,0.0,,,,0,,0.0,,
2024-06-04,Extreme Fear,0.0,,,,0,,0.0,,
2024-06-04,Fear,0.0,,,,0,,0.0,,
2024-06-04,Greed,8.063304,0.8063304,0.0,2.2018789436210158,10,554.022,5540.22,0.2,0.0005183477733820993
2024-06-04,Extreme Greed,0.0,,,,0,,0.0,,
2024-06-05,Extreme Fear,0.0,,,,0,,0.0,,
2024-06-05,Fear,0.0,,,,0,,0.0,,
2024-06-05,Greed,-0.00696,-0.00348,-0.00348,0.0049214631970583705,2,499.475,998.95,0.0,-6.967245935773204e-06
2024-06-05,Extreme Greed,0.0,,,,0,,0.0,,
2024-06-07,Extreme Fear,0.0,,,,0,,0.0,,
2024-06-07,Fear,0.0,,,,0,,0.0,,
2024-06-07,Greed,0.0,,,,0,,0.0,,
2024-06-07,Extreme Greed,44.90213,8.980426,0.0,20.080843002906526,5,6673.960000000001,33369.8,0.2,0.0005375134895719549
2024-06-08,Extreme Fear,0.0,,,,0,,0.0,,
2024-06-08,Fear,0.0,,,,0,,0.0,,
2024-06-08,Greed,26.649250000000002,6.6623125000000005,4.144205,8.723007020576391,4,5565.0675,22260.27,0.5,0.0011953780246630144
2024-06-08,Extreme Greed,0.0,,,,0,,0.0,,
2024-06-11,Extreme Fear,0.0,,,,0,,0.0,,
2024-06-11,Fear,0.0,,,,0,,0.0,,
2024-06-11,Greed,23.732546,1.5821697333333333,0.0,4.251631284603047,15,741.3606666666667,11120.41,0.26666666666666666,0.0009477885329716334
2024-06-11,Extreme Greed,0.0,,,,0,,0.0,,
2024-06-12,Extreme Fear,0.0,,,,0,,0.0,,
2024-06-12,Fear,0.0,,,,0,,0.0,,
2024-06-12,Greed,-7.644737,-1.5289474,0.0,3.418830320421562,5,1556.312,7781.5599999999995,0.0,-0.00039258136907512964
2024-06-12,Extreme Greed,0.0,,,,0,,0.0,,
2024-07-19,Extreme Fear,0.0,,,,0,,0.0,,
2024-07-19,Fear,0.0,,,,0,,0.0,,
2024-07-19,Greed,35.79975,17.899875,17.899875,25.314245989783107,2,1017.63,2035.26,0.5,0.01728571359593638
2024-07-19,Extreme Greed,0.0,,,,0,,0.0,,
2024-07-29,Extreme Fear,0.0,,,,0,,0.0,,
2024-07-29,Fear,0.0,,,,0,,0.0,,
2024-07-29,Greed,129.729619,4.633200678571429,0.0,7.657496428091496,28,11259.171071428571,315256.79,0.4642857142857143,0.0004553465961147902
2024-07-29,Extreme Greed,0.0,,,,0,,0.0,,
2024-08-01,Extreme Fear,0.0,,,,0,,0.0,,
2024-08-01,Fear,0.0,,,,0,,0.0,,
2024-08-01,Greed,-8.714336,-0.544646,0.0,2.178584,16,1659.2825,26548.52,0.0,-0.0005448530441567796
2024-08-01,Extreme Greed,0.0,,,,0,,0.0,,
2024-08-02,Extreme Fear,0.0,,,,0,,0.0,,
2024-08-02,Fear,0.0,,,,0,,0.0,,
2024-08-02,Greed,228.247701,19.02064175,8.947404,24.768322961234876,12,2064.066666666667,24768.800000000003,1.0,0.009195280007132158
2024-08-02,Extreme Greed,0.0,,,,0,,0.0,,
2024-08-04,Extreme Fear,0.0,,,,0,,0.0,,
2024-08-04,Fear,87.984045,4.39920225,0.0,18.645447016886873,20,4086.5285000000003,81730.57,0.1,0.0005530461404361095
2024-08-04,Greed,0.0,,,,0,,0.0,,
2024-08-04,Extreme Greed,0.0,,,,0,,0.0,,
2024-08-05,Extreme Fear,0.0,,,,0,,0.0,,
2024-08-05,Fear,160.44369899999998,7.292895409090908,0.0,17.399493432208274,22,4090.7031818181817,89995.47,0.3181818181818182,0.0023808045185585887
2024-08-05,Greed,0.0,,,,0,,0.0,,
2024-08-05,Extreme Greed,0.0,,,,0,,0.0,,
2024-08-06,Extreme Fear,0.0,0.0,0.0,0.0,2,12496.795,24993.59,0.0,0.0
2024-08-06,Fear,0.0,,,,0,,0.0,,
2024-08-06,Greed,0.0,,,,0,,0.0,,
2024-08-06,Extreme Greed,0.0,,,,0,,0.0,,
2024-08-09,Extreme Fear,0.0,,,,0,,0.0,,
2024-08-09,Fear,0.0,,,,0,,0.0,,
2024-08-09,Greed,7524.850424,752.4850424,465.850024,781.6882210547398,10,13243.185000000001,132431.85,1.0,0.05682053089499776
2024-08-09,Extreme Greed,0.0,,,,0,,0.0,,
2024-08-16,Extreme Fear,0.0,,,,0,,0.0,,
2024-08-16,Fear,825.230544,103.153818,0.0,147.68673570908194,8,18854.94,150839.52,0.375,0.004080863216237816
2024-08-16,Greed,0.0,,,,0,,0.0,,
2024-08-16,Extreme Greed,0.0,,,,0,,0.0,,
2024-08-19,Extreme Fear,0.0,,,,0,,0.0,,
2024-08-19,Fear,339.69958299999996,42.462447874999995,14.0197665,67.50399160612497,8,12539.37875,100315.03,0.625,0.00421380552707046
2024-08-19,Greed,0.0,,,,0,,0.0,,
2024-08-19,Extreme Greed,0.0,,,,0,,0.0,,
2024-08-24,Extreme Fear,0.0,,,,0,,0.0,,
2024-08-24,Fear,0.0,,,,0,,0.0,,
2024-08-24,Greed,0.0,0.0,0.0,0.0,5,3999.9199999999996,19999.6,0.0,0.0
2024-08-24,Extreme Greed,0.0,,,,0,,0.0,,
2024-08-25,Extreme Fear,0.0,,,,0,,0.0,,
2024-08-25,Fear,0.0,,,,0,,0.0,,
2024-08-25,Greed,0.0,0.0,0.0,0.0,5,999.8619999999999,4999.3099999999995,0.0,0.0
2024-08-25,Extreme Greed,0.0,,,,0,,0.0,,
2024-08-28,Extreme Fear,0.0,,,,0,,0.0,,
2024-08-28,Fear,1333.359645,666.6798225,666.6798225,11.428814876360201,2,11832.755000000001,23665.510000000002,1.0,0.0563420011282717
2024-08-28,Greed,0.0,,,,0,,0.0,,
2024-08-28,Extreme Greed,0.0,,,,0,,0.0,,
2024-08-29,Extreme Fear,0.0,,,,0,,0.0,,
2024-08-29,Fear,0.0,0.0,0.0,,1,9995.85,9995.85,0.0,0.0
2024-08-29,Greed,0.0,,,,0,,0.0,,
2024-08-29,Extreme Greed,0.0,,,,0,,0.0,,
2024-08-30,Extreme Fear,0.0,,,,0,,0.0,,
2024-08-30,Fear,256.464,256.464,256.464,,1,9739.38,9739.38,1.0,0.02633268236787147
2024-08-30,Greed,0.0,,,,0,,0.0,,
2024-08-30,Extreme Greed,0.0,,,,0,,0.0,,
2024-08-31,Extreme Fear,0.0,,,,0,,0.0,,
2024-08-31,Fear,-0.00845,-0.0014083333333333333,0.0,0.003449698054419642,6,8500.181666666665,51001.09,0.0,-2.8173428289456132e-06
2024-08-31,Greed,0.0,,,,0,,0.0,,
2024-08-31,Extreme Greed,0.0,,,,0,,0.0,,
2024-09-04,Extreme Fear,0.0,,,,0,,0.0,,
2024-09-04,Fear,-2241.785214,-747.261738,-469.244772,873.7261815915379,3,15919.826666666668,47759.48,0.0,-0.04693906839255164
2024-09-04,Greed,0.0,,,,0,,0.0,,
2024-09-04,Extreme Greed,0.0,,,,0,,0.0,,
2024-09-20,Extreme Fear,0.0,,,,0,,0.0,,
2024-09-20,Fear,0.0,,,,0,,0.0,,
2024-09-20,Greed,-1.88976,-0.47244,0.0,0.94488,4,7499.4725,29997.89,0.0,-4.725302532783762e-05
2024-09-20,Extreme Greed,0.0,,,,0,,0.0,,
2024-09-22,Extreme Fear,0.0,,,,0,,0.0,,
2024-09-22,Fear,0.0,,,,0,,0.0,,
2024-09-22,Greed,0.0,0.0,0.0,0.0,3,6666.579999999999,19999.739999999998,0.0,0.0
2024-09-22,Extreme Greed,0.0,,,,0,,0.0,,
2024-09-23,Extreme Fear,0.0,,,,0,,0.0,,
2024-09-23,Fear,0.0,,,,0,,0.0,,
2024-09-23,Greed,334.760796,167.380398,167.380398,236.7116289270065,2,20167.145,40334.29,0.5,0.00551785925503473
2024-09-23,Extreme Greed,0.0,,,,0,,0.0,,
2024-09-25,Extreme Fear,0.0,,,,0,,0.0,,
2024-09-25,Fear,0.0,,,,0,,0.0,,
2024-09-25,Greed,0.0,0.0,0.0,0.0,6,8333.518333333333,50001.11,0.0,0.0
2024-09-25,Extreme Greed,0.0,,,,0,,0.0,,
2024-09-26,Extreme Fear,0.0,,,,0,,0.0,,
2024-09-26,Fear,0.0,,,,0,,0.0,,
2024-09-26,Greed,439.812513,146.604171,3.213841,251.14774566213526,3,26813.47333333333,80440.42,0.6666666666666666,0.0048511562958868945
2024-09-26,Extreme Greed,0.0,,,,0,,0.0,,
2024-09-27,Extreme Fear,0.0,,,,0,,0.0,,
2024-09-27,Fear,0.0,,,,0,,0.0,,
2024-09-27,Greed,0.0,0.0,0.0,0.0,10,9999.232,99992.31999999999,0.0,0.0
2024-09-27,Extreme Greed,0.0,,,,0,,0.0,,
2024-09-30,Extreme Fear,0.0,,,,0,,0.0,,
2024-09-30,Fear,0.0,,,,0,,0.0,,
2024-09-30,Greed,2710.626288,271.06262879999997,168.899886,366.75017184022215,10,17728.09,177280.9,0.5,0.011556112579555402
2024-09-30,Extreme Greed,0.0,,,,0,,0.0,,
2024-10-01,Extreme Fear,0.0,,,,0,,0.0,,
2024-10-01,Fear,0.0,,,,0,,0.0,,
2024-10-01,Greed,0.0,0.0,0.0,0.0,4,34988.58,139954.32,0.0,0.0
2024-10-01,Extreme Greed,0.0,,,,0,,0.0,,
2024-10-02,Extreme Fear,0.0,,,,0,,0.0,,
2024-10-02,Fear,0.0,0.0,0.0,0.0,4,24988.585,99954.34,0.0,0.0
2024-10-02,Greed,0.0,,,,0,,0.0,,
2024-10-02,Extreme Greed,0.0,,,,0,,0.0,,
2024-10-03,Extreme Fear,0.0,,,,0,,0.0,,
2024-10-03,Fear,0.0,0.0,0.0,0.0,4,30002.25,120009.0,0.0,0.0
2024-10-03,Greed,0.0,,,,0,,0.0,,
2024-10-03,Extreme Greed,0.0,,,,0,,0.0,,
2024-10-05,Extreme Fear,0.0,,,,0,,0.0,,
2024-10-05,Fear,0.0,,,,0,,0.0,,
2024-10-05,Greed,5767.161892,160.19894144444444,41.457713,218.54118140047288,36,16822.36472222222,605605.13,0.6666666666666666,0.007164583359197046
2024-10-05,Extreme Greed,0.0,,,,0,,0.0,,
2024-10-06,Extreme Fear,0.0,,,,0,,0.0,,
2024-10-06,Fear,0.0,,,,0,,0.0,,
2024-10-06,Greed,130.487079,5.9312308636363635,0.0,17.741123762831634,22,13642.298181818182,300130.56,0.22727272727272727,0.0004957358047129574
2024-10-06,Extreme Greed,0.0,,,,0,,0.0,,
2024-10-07,Extreme Fear,0.0,,,,0,,0.0,,
2024-10-07,Fear,0.0,,,,0,,0.0,,
2024-10-07,Greed,0.0,0.0,0.0,0.0,21,10475.459523809524,219984.65,0.0,0.0
2024-10-07,Extreme Greed,0.0,,,,0,,0.0,,
2024-10-08,Extreme Fear,0.0,,,,0,,0.0,,
2024-10-08,Fear,0.0,,,,0,,0.0,,
2024-10-08,Greed,5396.546638,158.72195994117646,32.608000000000004,226.92252661205507,34,12781.868529411766,434583.53,0.9705882352941176,0.01267409614795491
2024-10-08,Extreme Greed,0.0,,,,0,,0.0,,
2024-10-09,Extreme Fear,0.0,,,,0,,0.0,,
2024-10-09,Fear,0.0,,,,0,,0.0,,
2024-10-09,Greed,396.06272,28.290194285714286,0.0,61.54299038481661,14,15742.852142857142,220399.93,0.21428571428571427,0.0014052198741358703
2024-10-09,Extreme Greed,0.0,,,,0,,0.0,,
2024-10-10,Extreme Fear,0.0,,,,0,,0.0,,
2024-10-10,Fear,0.0,0.0,0.0,0.0,16,18751.521249999998,300024.33999999997,0.0,0.0
2024-10-10,Greed,0.0,,,,0,,0.0,,
2024-10-10,Extreme Greed,0.0,,,,0,,0.0,,
2024-10-11,Extreme Fear,0.0,,,,0,,0.0,,
2024-10-11,Fear,8885.327477,355.41309908000005,275.090959,368.77210687145254,25,19556.1384,488903.45999999996,0.72,0.014915537587854995
2024-10-11,Greed,0.0,,,,0,,0.0,,
2024-10-11,Extreme Greed,0.0,,,,0,,0.0,,
2024-10-12,Extreme Fear,0.0,,,,0,,0.0,,
2024-10-12,Fear,0.0,,,,0,,0.0,,
2024-10-12,Greed,541.55471,54.155471,20.7155355,63.374247509280295,10,15971.34,159713.4,0.7,0.0037782590767500776
2024-10-12,Extreme Greed,0.0,,,,0,,0.0,,
2024-10-13,Extreme Fear,0.0,,,,0,,0.0,,
2024-10-13,Fear,0.0,,,,0,,0.0,,
2024-10-13,Greed,0.0,0.0,0.0,0.0,10,6000.242,60002.42,0.0,0.0
2024-10-13,Extreme Greed,0.0,,,,0,,0.0,,
2024-10-14,Extreme Fear,0.0,,,,0,,0.0,,
2024-10-14,Fear,0.0,,,,0,,0.0,,
2024-10-14,Greed,1913.61958,382.72391600000003,43.747165,497.27205914834235,5,12383.204000000002,61916.020000000004,1.0,0.030903761250705993
2024-10-14,Extreme Greed,0.0,,,,0,,0.0,,
2024-10-15,Extreme Fear,0.0,,,,0,,0.0,,
2024-10-15,Fear,0.0,,,,0,,0.0,,
2024-10-15,Greed,1170.2260760000001,167.17515371428573,11.821311,347.7876385038441,7,11596.194285714286,81173.36,0.5714285714285714,0.016229924555185498
2024-10-15,Extreme Greed,0.0,,,,0,,0.0,,
2024-10-16,Extreme Fear,0.0,,,,0,,0.0,,
2024-10-16,Fear,0.0,,,,0,,0.0,,
2024-10-16,Greed,219.480876,19.95280690909091,0.0,35.58157491300189,11,7293.560909090909,80229.17,0.2727272727272727,0.0015043028680428933
2024-10-16,Extreme Greed,0.0,,,,0,,0.0,,
2024-10-17,Extreme Fear,0.0,,,,0,,0.0,,
2024-10-17,Fear,0.0,,,,0,,0.0,,
2024-10-17,Greed,36.11496,4.0127733333333335,0.0,12.830443659406326,9,15614.638888888889,140531.75,0.1111111111111111,0.00039968181122278576
2024-10-17,Extreme Greed,0.0,,,,0,,0.0,,
2024-10-18,Extreme Fear,0.0,,,,0,,0.0,,
2024-10-18,Fear,0.0,,,,0,,0.0,,
2024-10-18,Greed,333.219141,55.536523499999994,51.8558325,51.489580908627175,6,20055.238333333335,120331.43000000001,0.8333333333333334,0.002846856673057868
2024-10-18,Extreme Greed,0.0,,,,0,,0.0,,
2024-10-19,Extreme Fear,0.0,,,,0,,0.0,,
2024-10-19,Fear,0.0,,,,0,,0.0,,
2024-10-19,Greed,0.0,0.0,0.0,0.0,4,24999.215,99996.86,0.0,0.0
2024-10-19,Extreme Greed,0.0,,,,0,,0.0,,
2024-10-20,Extreme Fear,0.0,,,,0,,0.0,,
2024-10-20,Fear,0.0,,,,0,,0.0,,
2024-10-20,Greed,229.060526,38.176754333333335,41.128477000000004,31.733598980085706,6,20037.618333333336,120225.71,0.8333333333333334,0.0019328671068276485
2024-10-20,Extreme Greed,0.0,,,,0,,0.0,,
2024-10-21,Extreme Fear,0.0,,,,0,,0.0,,
2024-10-21,Fear,0.0,,,,0,,0.0,,
2024-10-21,Greed,0.0,0.0,0.0,0.0,11,13638.561818181817,150024.18,0.0,0.0
2024-10-21,Extreme Greed,0.0,,,,0,,0.0,,
2024-10-22,Extreme Fear,0.0,,,,0,,0.0,,
2024-10-22,Fear,0.0,,,,0,,0.0,,
2024-10-22,Greed,0.0,0.0,0.0,0.0,3,20000.12,60000.36,0.0,0.0
2024-10-22,Extreme Greed,0.0,,,,0,,0.0,,
2024-10-23,Extreme Fear,0.0,,,,0,,0.0,,
2024-10-23,Fear,0.0,,,,0,,0.0,,
2024-10-23,Greed,0.0,0.0,0.0,0.0,8,8751.404999999999,70011.23999999999,0.0,0.0
2024-10-23,Extreme Greed,0.0,,,,0,,0.0,,
2024-10-25,Extreme Fear,0.0,,,,0,,0.0,,
2024-10-25,Fear,0.0,,,,0,,0.0,,
2024-10-25,Greed,4543.862071,181.75448283999998,29.542119,269.9305740026039,25,16183.4872,404587.18,0.64,0.009207860688654673
2024-10-25,Extreme Greed,0.0,,,,0,,0.0,,
2024-10-27,Extreme Fear,0.0,,,,0,,0.0,,
2024-10-27,Fear,0.0,,,,0,,0.0,,
2024-10-27,Greed,666.6623079999999,166.66557699999998,30.289636,293.9572048762827,4,22666.1025,90664.41,0.75,0.008241938899256515
2024-10-27,Extreme Greed,0.0,,,,0,,0.0,,
2024-10-28,Extreme Fear,0.0,,,,0,,0.0,,
2024-10-28,Fear,0.0,,,,0,,0.0,,
2024-10-28,Greed,1.2563,0.12563,0.0,0.3972769424469535,10,12049.53,120495.3,0.1,0.0002507684937522456
2024-10-28,Extreme Greed,0.0,,,,0,,0.0,,
2024-10-29,Extreme Fear,0.0,,,,0,,0.0,,
2024-10-29,Fear,0.0,,,,0,,0.0,,
2024-10-29,Greed,0.0,0.0,0.0,0.0,38,15883.535263157893,603574.34,0.0,0.0
2024-10-29,Extreme Greed,0.0,,,,0,,0.0,,
2024-10-31,Extreme Fear,0.0,,,,0,,0.0,,
2024-10-31,Fear,0.0,,,,0,,0.0,,
2024-10-31,Greed,0.0,,,,0,,0.0,,
2024-10-31,Extreme Greed,768.812372,26.51077144827586,24.844743,21.697364721939177,29,29470.279310344828,854638.1,0.8275862068965517,0.0008861471525500556
2024-11-01,Extreme Fear,0.0,,,,0,,0.0,,
2024-11-01,Fear,0.0,,,,0,,0.0,,
2024-11-01,Greed,1040.5747959999999,115.61942177777776,0.0,237.118948866937,9,25670.122222222224,231031.1,0.2222222222222222,0.002288544103308211
2024-11-01,Extreme Greed,0.0,,,,0,,0.0,,
2024-11-02,Extreme Fear,0.0,,,,0,,0.0,,
2024-11-02,Fear,0.0,,,,0,,0.0,,
2024-11-02,Greed,0.0,0.0,0.0,0.0,2,20000.0,40000.0,0.0,0.0
2024-11-02,Extreme Greed,0.0,,,,0,,0.0,,
2024-11-03,Extreme Fear,0.0,,,,0,,0.0,,
2024-11-03,Fear,0.0,,,,0,,0.0,,
2024-11-03,Greed,0.0,0.0,0.0,0.0,4,27498.585,109994.34,0.0,0.0
2024-11-03,Extreme Greed,0.0,,,,0,,0.0,,
2024-11-04,Extreme Fear,0.0,,,,0,,0.0,,
2024-11-04,Fear,0.0,,,,0,,0.0,,
2024-11-04,Greed,2259.351364,86.89812938461539,4.25,137.28936820396905,26,16623.486153846156,432210.64,0.5,0.003923641377910684
2024-11-04,Extreme Greed,0.0,,,,0,,0.0,,
2024-11-05,Extreme Fear,0.0,,,,0,,0.0,,
2024-11-05,Fear,0.0,,,,0,,0.0,,
2024-11-05,Greed,678.4759280000001,67.8475928,10.511846,93.32108146532121,10,20062.723,200627.23,0.5,0.002252125725173517
2024-11-05,Extreme Greed,0.0,,,,0,,0.0,,
2024-11-06,Extreme Fear,0.0,,,,0,,0.0,,
2024-11-06,Fear,0.0,,,,0,,0.0,,
2024-11-06,Greed,2821.24842,235.10403499999998,74.579978,330.85027844496074,12,10158.865,121906.38,0.5833333333333334,0.03262260544712804
2024-11-06,Extreme Greed,0.0,,,,0,,0.0,,
2024-11-07,Extreme Fear,0.0,,,,0,,0.0,,
2024-11-07,Fear,0.0,,,,0,,0.0,,
2024-11-07,Greed,0.0,,,,0,,0.0,,
2024-11-07,Extreme Greed,628.96246,314.48123,314.48123,444.7436205777726,2,30314.425,60628.85,0.5,0.010267463974395432
2024-11-08,Extreme Fear,0.0,,,,0,,0.0,,
2024-11-08,Fear,0.0,,,,0,,0.0,,
2024-11-08,Greed,646.3734049999999,26.932225208333332,0.0,66.94438927907437,24,10026.734583333333,240641.63,0.25,0.0013367609994043607
2024-11-08,Extreme Greed,0.0,,,,0,,0.0,,
2024-11-09,Extreme Fear,0.0,,,,0,,0.0,,
2024-11-09,Fear,0.0,,,,0,,0.0,,
2024-11-09,Greed,0.0,0.0,0.0,0.0,9,16666.712222222224,150000.41,0.0,0.0
2024-11-09,Extreme Greed,0.0,,,,0,,0.0,,
2024-11-10,Extreme Fear,0.0,,,,0,,0.0,,
2024-11-10,Fear,0.0,,,,0,,0.0,,
2024-11-10,Greed,0.0,,,,0,,0.0,,
2024-11-10,Extreme Greed,729.001129,15.187523520833333,5.460978,38.07386739540168,48,5053.73375,242579.22,0.75,0.0040184367123799495
2024-11-11,Extreme Fear,0.0,,,,0,,0.0,,
2024-11-11,Fear,0.0,,,,0,,0.0,,
2024-11-11,Greed,0.0,,,,0,,0.0,,
2024-11-11,Extreme Greed,1499.210172,62.467090500000005,0.0,124.30073956975023,24,14039.869166666665,336956.86,0.4583333333333333,0.004502915605262261
2024-11-12,Extreme Fear,0.0,,,,0,,0.0,,
2024-11-12,Fear,0.0,,,,0,,0.0,,
2024-11-12,Greed,0.0,,,,0,,0.0,,
2024-11-12,Extreme Greed,2175.413309,33.46789706153846,0.0,111.48352702616617,65,13003.681076923078,845239.27,0.1076923076923077,0.0015011574450860513
2024-11-13,Extreme Fear,0.0,,,,0,,0.0,,
2024-11-13,Fear,0.0,,,,0,,0.0,,
2024-11-13,Greed,0.0,,,,0,,0.0,,
2024-11-13,Extreme Greed,7680.907897,307.23631588,102.163646,454.5669545037602,25,19512.4728,487811.82,0.64,0.011659641474088269
2024-11-14,Extreme Fear,0.0,,,,0,,0.0,,
2024-11-14,Fear,0.0,,,,0,,0.0,,
2024-11-14,Greed,0.0,,,,0,,0.0,,
2024-11-14,Extreme Greed,2348.106228,57.2708836097561,0.0,87.39348348931003,41,21522.69975609756,882430.6900000001,0.34146341463414637,0.002224581163018144
2024-11-15,Extreme Fear,0.0,,,,0,,0.0,,
2024-11-15,Fear,0.0,,,,0,,0.0,,
2024-11-15,Greed,0.0,,,,0,,0.0,,
2024-11-15,Extreme Greed,2003.536586,25.361222607594936,0.0,52.60025154729561,79,17219.896202531647,1360371.8,0.4177215189873418,0.001341624165645398
2024-11-16,Extreme Fear,0.0,,,,0,,0.0,,
2024-11-16,Fear,0.0,,,,0,,0.0,,
2024-11-16,Greed,0.0,,,,0,,0.0,,
2024-11-16,Extreme Greed,254.94774999999998,19.611365384615382,0.02964,40.05224235950855,13,16931.82923076923,220113.78,0.5384615384615384,0.001257302090989944
2024-11-17,Extreme Fear,0.0,,,,0,,0.0,,
2024-11-17,Fear,0.0,,,,0,,0.0,,
2024-11-17,Greed,0.0,,,,0,,0.0,,
2024-11-17,Extreme Greed,551.253318,18.375110600000003,0.0,35.010638819127585,30,20696.544666666665,620896.34,0.4,0.0019664208134760205
2024-11-18,Extreme Fear,0.0,,,,0,,0.0,,
2024-11-18,Fear,0.0,,,,0,,0.0,,
2024-11-18,Greed,0.0,,,,0,,0.0,,
2024-11-18,Extreme Greed,3195.864707,66.58051472916667,0.0,220.48887952413602,48,19812.614583333332,951005.5,0.4166666666666667,0.0030136244544424692
2024-11-19,Extreme Fear,0.0,,,,0,,0.0,,
2024-11-19,Fear,0.0,,,,0,,0.0,,
2024-11-19,Greed,0.0,,,,0,,0.0,,
2024-11-19,Extreme Greed,1609.430206,30.950580884615384,0.289234,72.33720418873642,52,6390.5650000000005,332309.38,0.5384615384615384,0.005109342198357949
2024-11-20,Extreme Fear,0.0,,,,0,,0.0,,
2024-11-20,Fear,0.0,,,,0,,0.0,,
2024-11-20,Greed,0.0,,,,0,,0.0,,
2024-11-20,Extreme Greed,2345.98033,41.89250589285714,0.0,102.1957922898727,56,15727.24,880725.44,0.44642857142857145,0.0026606413766547253
2024-11-21,Extreme Fear,0.0,,,,0,,0.0,,
2024-11-21,Fear,0.0,,,,0,,0.0,,
2024-11-21,Greed,0.0,,,,0,,0.0,,
2024-11-21,Extreme Greed,901.764238,25.04900661111111,0.0,81.51007820668758,36,5074.129166666667,182668.65,0.1111111111111111,0.0001852295143150381
2024-11-22,Extreme Fear,0.0,,,,0,,0.0,,
2024-11-22,Fear,0.0,,,,0,,0.0,,
2024-11-22,Greed,0.0,,,,0,,0.0,,
2024-11-22,Extreme Greed,1969.982079,31.269556809523813,0.0,83.4858900974324,63,6607.366507936508,416264.09,0.49206349206349204,0.0027288423901113447
2024-11-23,Extreme Fear,0.0,,,,0,,0.0,,
2024-11-23,Fear,0.0,,,,0,,0.0,,
2024-11-23,Greed,0.0,,,,0,,0.0,,
2024-11-23,Extreme Greed,6.982455,0.465497,0.0,2.4848670949602405,15,4212.525333333333,63187.88,0.13333333333333333,3.3616215076211525e-05
2024-11-24,Extreme Fear,0.0,,,,0,,0.0,,
2024-11-24,Fear,0.0,,,,0,,0.0,,
2024-11-24,Greed,0.0,,,,0,,0.0,,
2024-11-24,Extreme Greed,447.023511,12.772100314285714,0.0,41.709369295091,35,14875.475142857144,520641.63,0.2,0.00080507852213119
2024-11-25,Extreme Fear,0.0,,,,0,,0.0,,
2024-11-25,Fear,0.0,,,,0,,0.0,,
2024-11-25,Greed,0.0,,,,0,,0.0,,
2024-11-25,Extreme Greed,5065.186538,136.89693345945946,0.0,339.0290285272378,37,23377.958918918917,864984.48,0.43243243243243246,0.007539785167109631
2024-11-26,Extreme Fear,0.0,,,,0,,0.0,,
2024-11-26,Fear,0.0,,,,0,,0.0,,
2024-11-26,Greed,0.0,,,,0,,0.0,,
2024-11-26,Extreme Greed,4.423273,0.1426862258064516,0.0,1.0083778237764094,31,14034.790322580646,435078.5,0.0967741935483871,0.0023037362311681057
2024-11-27,Extreme Fear,0.0,,,,0,,0.0,,
2024-11-27,Fear,0.0,,,,0,,0.0,,
2024-11-27,Greed,-2848.159792,-64.73090436363636,-11.838238,101.68942019838775,44,28557.08818181818,1256511.88,0.0,-0.002237455672331245
2024-11-27,Extreme Greed,0.0,,,,0,,0.0,,
2024-11-28,Extreme Fear,0.0,,,,0,,0.0,,
2024-11-28,Fear,0.0,,,,0,,0.0,,
2024-11-28,Greed,0.0,,,,0,,0.0,,
2024-11-28,Extreme Greed,1174.315571,97.85963091666667,15.787959,164.09380345703568,12,28232.108333333334,338785.3,0.5,0.002953914589862522
2024-11-29,Extreme Fear,0.0,,,,0,,0.0,,
2024-11-29,Fear,0.0,,,,0,,0.0,,
2024-11-29,Greed,0.0,,,,0,,0.0,,
2024-11-29,Extreme Greed,610.52512,87.21787428571429,0.0,230.7568052396952,7,25798.085714285717,180586.6,0.14285714285714285,0.001439288013397723
2024-11-30,Extreme Fear,0.0,,,,0,,0.0,,
2024-11-30,Fear,0.0,,,,0,,0.0,,
2024-11-30,Greed,0.0,,,,0,,0.0,,
2024-11-30,Extreme Greed,850.54514,70.87876166666666,0.0,123.74482153188491,12,19926.774999999998,239121.3,0.4166666666666667,0.002973340339432136
2024-12-01,Extreme Fear,0.0,,,,0,,0.0,,
2024-12-01,Fear,0.0,,,,0,,0.0,,
2024-12-01,Greed,0.0,,,,0,,0.0,,
2024-12-01,Extreme Greed,337.835516,12.512426518518518,0.5544,19.667557915336555,27,22229.845925925925,600205.84,0.5925925925925926,0.0005589458675913625
2024-12-02,Extreme Fear,0.0,,,,0,,0.0,,
2024-12-02,Fear,0.0,,,,0,,0.0,,
2024-12-02,Greed,0.0,,,,0,,0.0,,
2024-12-02,Extreme Greed,754.7378,44.396341176470585,0.0,107.3715922264779,17,17691.249411764704,300751.24,0.35294117647058826,0.0016832101116128592
2024-12-03,Extreme Fear,0.0,,,,0,,0.0,,
2024-12-03,Fear,0.0,,,,0,,0.0,,
2024-12-03,Greed,0.0,,,,0,,0.0,,
2024-12-03,Extreme Greed,1467.1002210000001,163.0111356666667,0.0,276.69808990973195,9,31374.63555555556,282371.72000000003,0.4444444444444444,0.004306827818567588
2024-12-04,Extreme Fear,0.0,,,,0,,0.0,,
2024-12-04,Fear,0.0,,,,0,,0.0,,
2024-12-04,Greed,0.0,,,,0,,0.0,,
2024-12-04,Extreme Greed,291.35271,22.411746923076922,0.0,48.69017599857926,13,20080.955384615383,261052.41999999998,0.23076923076923078,0.0018823474913217816
2024-12-05,Extreme Fear,0.0,,,,0,,0.0,,
2024-12-05,Fear,0.0,,,,0,,0.0,,
2024-12-05,Greed,0.0,,,,0,,0.0,,
2024-12-05,Extreme Greed,1435.68724,65.2585109090909,0.0,303.3417035246423,22,37169.891363636365,817737.61,0.09090909090909091,0.000648852588325188
2024-12-06,Extreme Fear,0.0,,,,0,,0.0,,
2024-12-06,Fear,0.0,,,,0,,0.0,,
2024-12-06,Greed,7206.315268,114.38595663492065,0.0,443.2615907422884,63,23886.013968253967,1504818.88,0.3333333333333333,0.0031479627593278075
2024-12-06,Extreme Greed,0.0,,,,0,,0.0,,
2024-12-07,Extreme Fear,0.0,,,,0,,0.0,,
2024-12-07,Fear,0.0,,,,0,,0.0,,
2024-12-07,Greed,2342.996384,585.749096,625.917496,452.54130052315776,4,49620.3625,198481.45,1.0,0.011804609718442785
2024-12-07,Extreme Greed,0.0,,,,0,,0.0,,
2024-12-08,Extreme Fear,0.0,,,,0,,0.0,,
2024-12-08,Fear,0.0,,,,0,,0.0,,
2024-12-08,Greed,0.0,,,,0,,0.0,,
2024-12-08,Extreme Greed,0.0,0.0,0.0,0.0,7,8570.51857142857,59993.63,0.0,0.0
2024-12-09,Extreme Fear,0.0,,,,0,,0.0,,
2024-12-09,Fear,0.0,,,,0,,0.0,,
2024-12-09,Greed,0.0,,,,0,,0.0,,
2024-12-09,Extreme Greed,2350.499742,123.7105127368421,0.0,277.76170057205354,19,19304.616315789473,366787.71,0.3684210526315789,0.0040792945116039595
2024-12-10,Extreme Fear,0.0,,,,0,,0.0,,
2024-12-10,Fear,0.0,,,,0,,0.0,,
2024-12-10,Greed,0.0,,,,0,,0.0,,
2024-12-10,Extreme Greed,3996.96665,85.04184361702127,0.0,224.22976973127965,47,16553.503191489363,778014.65,0.2978723404255319,0.004540099401195671
2024-12-11,Extreme Fear,0.0,,,,0,,0.0,,
2024-12-11,Fear,0.0,,,,0,,0.0,,
2024-12-11,Greed,4917.466655,91.06419731481482,0.0,248.7412439914882,54,16164.27185185185,872870.6799999999,0.46296296296296297,0.00944722219139453
2024-12-11,Extreme Greed,0.0,,,,0,,0.0,,
2024-12-12,Extreme Fear,0.0,,,,0,,0.0,,
2024-12-12,Fear,0.0,,,,0,,0.0,,
2024-12-12,Greed,0.0,,,,0,,0.0,,
2024-12-12,Extreme Greed,18.251554000000002,0.44515985365853666,0.0,1.3080162315176476,41,9440.717317073171,387069.41000000003,0.14634146341463414,0.0028922570794482783
2024-12-13,Extreme Fear,0.0,,,,0,,0.0,,
2024-12-13,Fear,0.0,,,,0,,0.0,,
2024-12-13,Greed,0.0,,,,0,,0.0,,
2024-12-13,Extreme Greed,6791.349968,128.13867864150944,1.075355,244.80426162174712,53,19237.29924528302,1019576.86,0.5283018867924528,0.004578906011442463
2024-12-14,Extreme Fear,0.0,,,,0,,0.0,,
2024-12-14,Fear,0.0,,,,0,,0.0,,
2024-12-14,Greed,0.0,,,,0,,0.0,,
2024-12-14,Extreme Greed,578.153897,22.236688346153848,0.0,54.44920791696431,26,7812.90923076923,203135.63999999998,0.3076923076923077,0.0030279536625732297
2024-12-15,Extreme Fear,0.0,,,,0,,0.0,,
2024-12-15,Fear,0.0,,,,0,,0.0,,
2024-12-15,Greed,0.0,,,,0,,0.0,,
2024-12-15,Extreme Greed,291.191889,11.199688038461538,0.0,28.053248001244192,26,11683.241923076923,303764.29,0.38461538461538464,0.003989901486964501
2024-12-16,Extreme Fear,0.0,,,,0,,0.0,,
2024-12-16,Fear,0.0,,,,0,,0.0,,
2024-12-16,Greed,0.0,,,,0,,0.0,,
2024-12-16,Extreme Greed,12.318749,0.4106249666666667,0.0,1.477203501248325,30,29330.637,879919.11,0.1,0.0044698069439946956
2024-12-17,Extreme Fear,0.0,,,,0,,0.0,,
2024-12-17,Fear,0.0,,,,0,,0.0,,
2024-12-17,Greed,0.0,,,,0,,0.0,,
2024-12-17,Extreme Greed,16.246845,1.083123,0.0,2.3918383523812805,15,12017.294666666667,180259.42,0.2,0.012304851654983885
2024-12-18,Extreme Fear,0.0,,,,0,,0.0,,
2024-12-18,Fear,0.0,,,,0,,0.0,,
2024-12-18,Greed,0.0,,,,0,,0.0,,
2024-12-18,Extreme Greed,-4627.220257,-68.04735672058824,-0.492549,179.1861140987057,68,25726.171470588233,1749379.66,0.07352941176470588,-0.001991283777350069
2024-12-19,Extreme Fear,0.0,,,,0,,0.0,,
2024-12-19,Fear,0.0,,,,0,,0.0,,
2024-12-19,Greed,1430.227945,14.744617989690722,0.0,144.6583414501858,97,11751.929278350515,1139937.14,0.1134020618556701,5.2984662233644955e-05
2024-12-19,Extreme Greed,0.0,,,,0,,0.0,,
2024-12-20,Extreme Fear,0.0,,,,0,,0.0,,
2024-12-20,Fear,0.0,,,,0,,0.0,,
2024-12-20,Greed,76.527866,2.4686408387096774,0.0,7.840286544743591,31,7850.50129032258,243365.53999999998,0.1935483870967742,0.002858296244016029
2024-12-20,Extreme Greed,0.0,,,,0,,0.0,,
2024-12-21,Extreme Fear,0.0,,,,0,,0.0,,
2024-12-21,Fear,0.0,,,,0,,0.0,,
2024-12-21,Greed,1438.600284,23.9766714,2.840993,59.159869129287344,60,16933.2735,1015996.41,0.5666666666666667,0.0028914283824714214
2024-12-21,Extreme Greed,0.0,,,,0,,0.0,,
2024-12-22,Extreme Fear,0.0,,,,0,,0.0,,
2024-12-22,Fear,0.0,,,,0,,0.0,,
2024-12-22,Greed,0.0,0.0,0.0,0.0,8,16764.02875,134112.23,0.0,0.0
2024-12-22,Extreme Greed,0.0,,,,0,,0.0,,
2024-12-23,Extreme Fear,0.0,,,,0,,0.0,,
2024-12-23,Fear,0.0,,,,0,,0.0,,
2024-12-23,Greed,16.133464,0.4033366,0.0,1.9041799329354059,40,8911.17675,356447.07,0.225,0.0003561368713019252
2024-12-23,Extreme Greed,0.0,,,,0,,0.0,,
2024-12-24,Extreme Fear,0.0,,,,0,,0.0,,
2024-12-24,Fear,0.0,,,,0,,0.0,,
2024-12-24,Greed,2145.992323,55.02544417948718,8.966633,123.7079937225872,39,24134.940769230772,941262.6900000001,0.6923076923076923,0.004260591006530423
2024-12-24,Extreme Greed,0.0,,,,0,,0.0,,
2024-12-25,Extreme Fear,0.0,,,,0,,0.0,,
2024-12-25,Fear,0.0,,,,0,,0.0,,
2024-12-25,Greed,114.044243,16.292034714285712,6.1002,21.627392691820532,7,10499.647142857142,73497.53,0.5714285714285714,0.01876473011615162
2024-12-25,Extreme Greed,0.0,,,,0,,0.0,,
2024-12-26,Extreme Fear,0.0,,,,0,,0.0,,
2024-12-26,Fear,0.0,,,,0,,0.0,,
2024-12-26,Greed,0.0,,,,0,,0.0,,
2024-12-26,Extreme Greed,7624.900544,231.05759224242425,0.0,511.5284680193059,33,13727.30606060606,453001.1,0.42424242424242425,0.006152759844617423
2024-12-27,Extreme Fear,0.0,,,,0,,0.0,,
2024-12-27,Fear,0.0,,,,0,,0.0,,
2024-12-27,Greed,30.449011999999996,0.8458058888888887,0.0,2.624048923006677,36,2220.1205555555553,79924.34,0.16666666666666666,0.0013832399271292656
2024-12-27,Extreme Greed,0.0,,,,0,,0.0,,
2024-12-28,Extreme Fear,0.0,,,,0,,0.0,,
2024-12-28,Fear,0.0,,,,0,,0.0,,
2024-12-28,Greed,16.972942,2.424706,0.0,3.833849947559894,7,15864.665714285715,111052.66,0.42857142857142855,7.270196796634501e-05
2024-12-28,Extreme Greed,0.0,,,,0,,0.0,,
2024-12-29,Extreme Fear,0.0,,,,0,,0.0,,
2024-12-29,Fear,0.0,,,,0,,0.0,,
2024-12-29,Greed,390.062046,26.0041364,0.0,54.03777945696124,15,5342.954,80144.31,0.26666666666666666,0.0035152798405394927
2024-12-29,Extreme Greed,0.0,,,,0,,0.0,,
2024-12-30,Extreme Fear,0.0,,,,0,,0.0,,
2024-12-30,Fear,0.0,,,,0,,0.0,,
2024-12-30,Greed,4313.626328,105.21039824390245,0.0,521.2832202194875,41,14490.559024390244,594112.92,0.36585365853658536,0.004096715483540209
2024-12-30,Extreme Greed,0.0,,,,0,,0.0,,
2024-12-31,Extreme Fear,0.0,,,,0,,0.0,,
2024-12-31,Fear,0.0,,,,0,,0.0,,
2024-12-31,Greed,2683.459526,28.547441765957448,0.0,192.35035819717214,94,6472.83914893617,608446.88,0.2553191489361702,0.0012409452976317476
2024-12-31,Extreme Greed,0.0,,,,0,,0.0,,
2025-01-01,Extreme Fear,0.0,,,,0,,0.0,,
2025-01-01,Fear,0.0,,,,0,,0.0,,
2025-01-01,Greed,2.105,0.2338888888888889,0.0,0.5055250789299292,9,6782.9977777777785,61046.98,0.2222222222222222,0.00019822348881770328
2025-01-01,Extreme Greed,0.0,,,,0,,0.0,,
2025-01-02,Extreme Fear,0.0,,,,0,,0.0,,
2025-01-02,Fear,0.0,,,,0,,0.0,,
2025-01-02,Greed,2575.5174140000004,67.7767740526316,3.2975865,214.6801269025499,38,10247.733157894736,389413.86,0.6052631578947368,0.007918829853855778
2025-01-02,Extreme Greed,0.0,,,,0,,0.0,,
2025-01-03,Extreme Fear,0.0,,,,0,,0.0,,
2025-01-03,Fear,0.0,,,,0,,0.0,,
2025-01-03,Greed,3139.305567,61.555011117647055,7.0433,174.53452419736345,51,9138.563529411764,466066.74,0.5882352941176471,0.005498905821063289
2025-01-03,Extreme Greed,0.0,,,,0,,0.0,,
2025-01-04,Extreme Fear,0.0,,,,0,,0.0,,
2025-01-04,Fear,0.0,,,,0,,0.0,,
2025-01-04,Greed,26.225011000000002,1.0927087916666667,0.0,20.443885015572313,24,4503.0625,108073.5,0.20833333333333334,0.007672182451741397
2025-01-04,Extreme Greed,0.0,,,,0,,0.0,,
2025-01-05,Extreme Fear,0.0,,,,0,,0.0,,
2025-01-05,Fear,0.0,,,,0,,0.0,,
2025-01-05,Greed,890.33157,46.859556315789476,0.0,128.0469160220766,19,19427.31105263158,369118.91000000003,0.21052631578947367,0.0009649325217151853
2025-01-05,Extreme Greed,0.0,,,,0,,0.0,,
2025-01-06,Extreme Fear,0.0,,,,0,,0.0,,
2025-01-06,Fear,0.0,,,,0,,0.0,,
2025-01-06,Greed,0.0,,,,0,,0.0,,
2025-01-06,Extreme Greed,3575.442423,87.20591275609756,0.0,325.65046602760805,41,8468.525365853659,347209.54,0.34146341463414637,0.003941999201411321
2025-01-07,Extreme Fear,0.0,,,,0,,0.0,,
2025-01-07,Fear,0.0,,,,0,,0.0,,
2025-01-07,Greed,0.0,,,,0,,0.0,,
2025-01-07,Extreme Greed,41.268054,0.7115181724137931,0.0,9.338652655708255,58,8580.89896551724,497692.14,0.10344827586206896,0.0018165464977705037
2025-01-08,Extreme Fear,0.0,,,,0,,0.0,,
2025-01-08,Fear,0.0,,,,0,,0.0,,
2025-01-08,Greed,-3.658611000000006,-0.05380310294117656,0.0,10.062293557599919,68,5540.325147058823,376742.11,0.11764705882352941,-0.0004377585926367733
2025-01-08,Extreme Greed,0.0,,,,0,,0.0,,
2025-01-09,Extreme Fear,0.0,,,,0,,0.0,,
2025-01-09,Fear,0.0,,,,0,,0.0,,
2025-01-09,Greed,120.665576,3.447587885714286,0.0,10.46824074279556,35,2100.9971428571425,73534.9,0.22857142857142856,0.0006345171768703299
2025-01-09,Extreme Greed,0.0,,,,0,,0.0,,
2025-01-10,Extreme Fear,0.0,,,,0,,0.0,,
2025-01-10,Fear,0.0,,,,0,,0.0,,
2025-01-10,Greed,-36048.622895,-129.67130537769785,0.0,1364.8837993605741,278,21436.69870503597,5959402.24,0.4064748201438849,-0.0014886627005778505
2025-01-10,Extreme Greed,0.0,,,,0,,0.0,,
2025-01-11,Extreme Fear,0.0,,,,0,,0.0,,
2025-01-11,Fear,0.0,,,,0,,0.0,,
2025-01-11,Greed,1685.215179,18.7246131,0.0,58.79043308070056,90,17408.306333333334,1566747.57,0.4,0.002557604741371237
2025-01-11,Extreme Greed,0.0,,,,0,,0.0,,
2025-01-12,Extreme Fear,0.0,,,,0,,0.0,,
2025-01-12,Fear,0.0,,,,0,,0.0,,
2025-01-12,Greed,806.097017,9.830451426829269,0.0,22.962438750680537,82,22750.189634146343,1865515.55,0.45121951219512196,0.000811591773790764
2025-01-12,Extreme Greed,0.0,,,,0,,0.0,,
2025-01-13,Extreme Fear,0.0,,,,0,,0.0,,
2025-01-13,Fear,0.0,,,,0,,0.0,,
2025-01-13,Greed,1908.789242,14.796815829457366,0.0,46.02624418583269,129,18498.767131782944,2386340.96,0.43410852713178294,0.0008862183612069452
2025-01-13,Extreme Greed,0.0,,,,0,,0.0,,
2025-01-14,Extreme Fear,0.0,,,,0,,0.0,,
2025-01-14,Fear,0.0,,,,0,,0.0,,
2025-01-14,Greed,2468.913422,39.821184225806455,0.6102,104.17949729891237,62,10806.290967741936,669990.04,0.5645161290322581,0.007986539663819478
2025-01-14,Extreme Greed,0.0,,,,0,,0.0,,
2025-01-15,Extreme Fear,0.0,,,,0,,0.0,,
2025-01-15,Fear,0.0,,,,0,,0.0,,
2025-01-15,Greed,7491.512398,96.04503074358975,0.5625,261.1392882561553,78,21290.992307692308,1660697.4,0.5512820512820513,0.004838967245402982
2025-01-15,Extreme Greed,0.0,,,,0,,0.0,,
2025-01-16,Extreme Fear,0.0,,,,0,,0.0,,
2025-01-16,Fear,0.0,,,,0,,0.0,,
2025-01-16,Greed,5146.3592100000005,45.94963580357143,0.027545,118.59153216327589,112,24378.075714285715,2730344.48,0.5,0.0008574207555535647
2025-01-16,Extreme Greed,0.0,,,,0,,0.0,,
2025-01-17,Extreme Fear,0.0,,,,0,,0.0,,
2025-01-17,Fear,0.0,,,,0,,0.0,,
2025-01-17,Greed,811.1445319999999,38.62593009523809,0.0,78.81290304786101,21,30510.78523809524,640726.49,0.3333333333333333,0.0008743425006833104
2025-01-17,Extreme Greed,0.0,,,,0,,0.0,,
2025-01-18,Extreme Fear,0.0,,,,0,,0.0,,
2025-01-18,Fear,0.0,,,,0,,0.0,,
2025-01-18,Greed,0.0,,,,0,,0.0,,
2025-01-18,Extreme Greed,4078.848863,67.98081438333334,0.3147855,164.11397384130458,60,31363.174166666668,1881790.45,0.5333333333333333,0.002268987609030255
2025-01-19,Extreme Fear,0.0,,,,0,,0.0,,
2025-01-19,Fear,0.0,,,,0,,0.0,,
2025-01-19,Greed,0.0,,,,0,,0.0,,
2025-01-19,Extreme Greed,3253.260003,36.968863670454546,0.0,89.21059929802108,88,25180.392613636363,2215874.55,0.36363636363636365,0.0012201735344838365
2025-01-20,Extreme Fear,0.0,,,,0,,0.0,,
2025-01-20,Fear,0.0,,,,0,,0.0,,
2025-01-20,Greed,0.0,,,,0,,0.0,,
2025-01-20,Extreme Greed,7162.741516,34.77058988349515,0.0,124.34380312074636,206,28469.798009708735,5864778.39,0.3446601941747573,0.0010746934364909996
2025-01-21,Extreme Fear,0.0,,,,0,,0.0,,
2025-01-21,Fear,0.0,,,,0,,0.0,,
2025-01-21,Greed,0.0,,,,0,,0.0,,
2025-01-21,Extreme Greed,2945.0503439999998,29.1589142970297,0.0,90.55679172038852,101,13031.721980198019,1316203.92,0.39603960396039606,0.0017438075574705187
2025-01-22,Extreme Fear,0.0,,,,0,,0.0,,
2025-01-22,Fear,0.0,,,,0,,0.0,,
2025-01-22,Greed,0.0,,,,0,,0.0,,
2025-01-22,Extreme Greed,2981.989155,45.18165386363637,0.0,106.35196927406142,66,16142.239545454546,1065387.81,0.45454545454545453,0.003955112995779427
2025-01-23,Extreme Fear,0.0,,,,0,,0.0,,
2025-01-23,Fear,0.0,,,,0,,0.0,,
2025-01-23,Greed,6749.1349199999995,82.30652341463414,0.0,200.6603237165212,82,17999.84780487805,1475987.52,0.2682926829268293,0.002416665646031956
2025-01-23,Extreme Greed,0.0,,,,0,,0.0,,
2025-01-24,Extreme Fear,0.0,,,,0,,0.0,,
2025-01-24,Fear,0.0,,,,0,,0.0,,
2025-01-24,Greed,1707.06994,40.64452238095238,0.0,78.86666023343584,42,14664.804285714286,615921.78,0.38095238095238093,0.0027819734757552543
2025-01-24,Extreme Greed,0.0,,,,0,,0.0,,
2025-01-25,Extreme Fear,0.0,,,,0,,0.0,,
2025-01-25,Fear,0.0,,,,0,,0.0,,
2025-01-25,Greed,262.566331,13.819280578947367,0.0,74.4286069730449,19,21448.272631578948,407517.18,0.21052631578947367,-0.002443348038616716
2025-01-25,Extreme Greed,0.0,,,,0,,0.0,,
2025-01-27,Extreme Fear,0.0,,,,0,,0.0,,
2025-01-27,Fear,0.0,,,,0,,0.0,,
2025-01-27,Greed,458.42681100000004,5.093631233333334,0.0,15.77651623273369,90,7738.878222222223,696499.04,0.34444444444444444,0.0017846382806794732
2025-01-27,Extreme Greed,0.0,,,,0,,0.0,,
2025-01-28,Extreme Fear,0.0,,,,0,,0.0,,
2025-01-28,Fear,0.0,,,,0,,0.0,,
2025-01-28,Greed,630.482249,20.33813706451613,1.071391,27.3281360676179,31,1671.8235483870967,51826.53,0.5161290322580645,0.010843182192860798
2025-01-28,Extreme Greed,0.0,,,,0,,0.0,,
2025-01-29,Extreme Fear,0.0,,,,0,,0.0,,
2025-01-29,Fear,0.0,,,,0,,0.0,,
2025-01-29,Greed,17.0422,3.40844,0.34211,6.300130916552449,5,102.846,514.23,1.0,0.033207164006327686
2025-01-29,Extreme Greed,0.0,,,,0,,0.0,,
2025-01-30,Extreme Fear,0.0,,,,0,,0.0,,
2025-01-30,Fear,0.0,,,,0,,0.0,,
2025-01-30,Greed,3669.838534,43.68855397619048,0.40913,102.46128080760498,84,19099.665833333333,1604371.93,0.5238095238095238,0.0070705016576648
2025-01-30,Extreme Greed,0.0,,,,0,,0.0,,
2025-01-31,Extreme Fear,0.0,,,,0,,0.0,,
2025-01-31,Fear,0.0,,,,0,,0.0,,
2025-01-31,Greed,0.0,,,,0,,0.0,,
2025-01-31,Extreme Greed,1232.629751,18.96353463076923,0.0,52.12547724560493,65,12563.42953846154,816622.92,0.38461538461538464,0.0034616411097117814
2025-02-01,Extreme Fear,0.0,,,,0,,0.0,,
2025-02-01,Fear,0.0,,,,0,,0.0,,
2025-02-01,Greed,3.593452000000001,0.13820969230769234,0.0,2.009112856886457,26,5147.592307692307,133837.4,0.4230769230769231,0.00037733065756937183
2025-02-01,Extreme Greed,0.0,,,,0,,0.0,,
2025-02-02,Extreme Fear,0.0,,,,0,,0.0,,
2025-02-02,Fear,0.0,,,,0,,0.0,,
2025-02-02,Greed,0.895536,0.012793371428571428,0.0,0.10703702478888855,70,12684.563857142857,887919.47,0.014285714285714285,5.8879654954765407e-05
2025-02-02,Extreme Greed,0.0,,,,0,,0.0,,
2025-02-03,Extreme Fear,0.0,,,,0,,0.0,,
2025-02-03,Fear,471.662861,4.964872221052632,1.2456,15.914935007584598,95,2357.7477894736844,223986.04,0.5684210526315789,0.0023400337042360306
2025-02-03,Greed,0.0,,,,0,,0.0,,
2025-02-03,Extreme Greed,0.0,,,,0,,0.0,,
2025-02-04,Extreme Fear,0.0,,,,0,,0.0,,
2025-02-04,Fear,0.0,,,,0,,0.0,,
2025-02-04,Greed,10927.031975,28.30837299222798,0.0,195.62950074301295,386,19193.423497409327,7408661.47,0.16580310880829016,0.000842657621951927
2025-02-04,Extreme Greed,0.0,,,,0,,0.0,,
2025-02-05,Extreme Fear,0.0,,,,0,,0.0,,
2025-02-05,Fear,0.0,,,,0,,0.0,,
2025-02-05,Greed,-7928.4184669999995,-28.21501233807829,0.0,425.0849455218974,281,5896.865302491103,1657019.15,0.0711743772241993,-0.0032849054147763446
2025-02-05,Extreme Greed,0.0,,,,0,,0.0,,
2025-02-06,Extreme Fear,0.0,,,,0,,0.0,,
2025-02-06,Fear,0.0,,,,0,,0.0,,
2025-02-06,Greed,590.786309,11.815726179999999,0.0,37.704824790227676,50,7876.1368,393806.84,0.18,0.0008542816238634846
2025-02-06,Extreme Greed,0.0,,,,0,,0.0,,
2025-02-07,Extreme Fear,0.0,,,,0,,0.0,,
2025-02-07,Fear,8601.240538,23.121614349462366,0.0,107.2793148624731,372,4411.053091397849,1640911.75,0.22043010752688172,0.0013020669784443444
2025-02-07,Greed,0.0,,,,0,,0.0,,
2025-02-07,Extreme Greed,0.0,,,,0,,0.0,,
2025-02-08,Extreme Fear,0.0,,,,0,,0.0,,
2025-02-08,Fear,10.394106,0.10291194059405942,0.0,1.034252202898479,101,3749.2566336633663,378674.92,0.009900990099009901,0.00019457363368826345
2025-02-08,Greed,0.0,,,,0,,0.0,,
2025-02-08,Extreme Greed,0.0,,,,0,,0.0,,
2025-02-09,Extreme Fear,0.0,,,,0,,0.0,,
2025-02-09,Fear,0.0,,,,0,,0.0,,
2025-02-09,Greed,875.249949,97.24999433333333,0.0,288.3642586756683,9,31324.534444444445,281920.81,0.3333333333333333,0.002485834975156983
2025-02-09,Extreme Greed,0.0,,,,0,,0.0,,
2025-02-10,Extreme Fear,0.0,,,,0,,0.0,,
2025-02-10,Fear,3289.168383,10.542206355769231,0.095175,36.500413738647666,312,4693.817916666667,1464471.19,0.6474358974358975,0.004058756056004354
2025-02-10,Greed,0.0,,,,0,,0.0,,
2025-02-10,Extreme Greed,0.0,,,,0,,0.0,,
2025-02-11,Extreme Fear,0.0,,,,0,,0.0,,
2025-02-11,Fear,0.0,,,,0,,0.0,,
2025-02-11,Greed,1598.608056,9.187402620689655,0.0,36.191791468395756,174,5149.066206896552,895937.52,0.27011494252873564,0.0013248714144644053
2025-02-11,Extreme Greed,0.0,,,,0,,0.0,,
2025-02-12,Extreme Fear,0.0,,,,0,,0.0,,
2025-02-12,Fear,0.0,,,,0,,0.0,,
2025-02-12,Greed,8052.970666,38.1657377535545,0.1,135.12060038765526,211,10937.626872037914,2307839.27,0.5260663507109005,0.003303563793117562
2025-02-12,Extreme Greed,0.0,,,,0,,0.0,,
2025-02-13,Extreme Fear,0.0,,,,0,,0.0,,
2025-02-13,Fear,0.0,,,,0,,0.0,,
2025-02-13,Greed,3278.889071,12.18917870260223,0.0,63.77916001894858,269,3823.6693680297394,1028567.0599999999,0.31226765799256506,0.0010757510180330438
2025-02-13,Extreme Greed,0.0,,,,0,,0.0,,
2025-02-14,Extreme Fear,0.0,,,,0,,0.0,,
2025-02-14,Fear,0.0,,,,0,,0.0,,
2025-02-14,Greed,3209.01529,9.383085643274853,0.0,70.16675611880817,342,4606.438625730994,1575402.01,0.16374269005847952,0.0008783670390819733
2025-02-14,Extreme Greed,0.0,,,,0,,0.0,,
2025-02-15,Extreme Fear,0.0,,,,0,,0.0,,
2025-02-15,Fear,0.0,,,,0,,0.0,,
2025-02-15,Greed,3953.4256579999997,36.605793129629625,0.0,187.07703033742672,108,5424.953148148149,585894.9400000001,0.23148148148148148,0.0017058655026002238
2025-02-15,Extreme Greed,0.0,,,,0,,0.0,,
2025-02-16,Extreme Fear,0.0,,,,0,,0.0,,
2025-02-16,Fear,0.0,,,,0,,0.0,,
2025-02-16,Greed,314.96786,12.114148461538461,0.0,26.77846879633057,26,13944.778846153846,362564.25,0.4230769230769231,0.000660953227814156
2025-02-16,Extreme Greed,0.0,,,,0,,0.0,,
2025-02-17,Extreme Fear,0.0,,,,0,,0.0,,
2025-02-17,Fear,0.0,,,,0,,0.0,,
2025-02-17,Greed,1205.608261,26.208875239130435,0.0,148.81766330673443,46,11847.811956521738,544999.35,0.13043478260869565,0.0003896337521627479
2025-02-17,Extreme Greed,0.0,,,,0,,0.0,,
2025-02-18,Extreme Fear,0.0,,,,0,,0.0,,
2025-02-18,Fear,0.0,,,,0,,0.0,,
2025-02-18,Greed,1675.501751,14.320527786324787,0.0,53.29466963709022,117,6173.738547008547,722327.41,0.13675213675213677,0.0008111797058774077
2025-02-18,Extreme Greed,0.0,,,,0,,0.0,,
2025-02-19,Extreme Fear,0.0,,,,0,,0.0,,
2025-02-19,Fear,4112.672901,16.06512851953125,0.0,104.92895972857477,256,4706.0904296875,1204759.15,0.1875,0.0008313905095252372
2025-02-19,Greed,0.0,,,,0,,0.0,,
2025-02-19,Extreme Greed,0.0,,,,0,,0.0,,
2025-02-20,Extreme Fear,0.0,,,,0,,0.0,,
2025-02-20,Fear,0.0,,,,0,,0.0,,
2025-02-20,Greed,2533.468356,7.562592107462686,0.0,31.932387171021265,335,5707.231104477612,1911922.42,0.23283582089552238,0.0008027772579991521
2025-02-20,Extreme Greed,0.0,,,,0,,0.0,,
2025-02-21,Extreme Fear,0.0,,,,0,,0.0,,
2025-02-21,Fear,0.0,,,,0,,0.0,,
2025-02-21,Greed,6650.814303,21.877678628289473,0.0,177.97270002576147,304,5606.574210526316,1704398.56,0.18421052631578946,0.0012919036847214513
2025-02-21,Extreme Greed,0.0,,,,0,,0.0,,
2025-02-22,Extreme Fear,0.0,,,,0,,0.0,,
2025-02-22,Fear,0.0,,,,0,,0.0,,
2025-02-22,Greed,1143.770884,10.033077929824561,0.0,39.63556662838717,114,15982.532280701755,1822008.68,0.4649122807017544,0.0006116078593725541
2025-02-22,Extreme Greed,0.0,,,,0,,0.0,,
2025-02-23,Extreme Fear,0.0,,,,0,,0.0,,
2025-02-23,Fear,0.0,,,,0,,0.0,,
2025-02-23,Greed,117.11072,3.3460205714285713,0.0,12.623992436338396,35,8168.793714285715,285907.78,0.22857142857142856,0.0003823939029818006
2025-02-23,Extreme Greed,0.0,,,,0,,0.0,,
2025-02-24,Extreme Fear,0.0,,,,0,,0.0,,
2025-02-24,Fear,0.0,,,,0,,0.0,,
2025-02-24,Greed,1925.839355,91.70663595238095,0.0,241.20733309012633,21,22163.539523809526,465434.33,0.23809523809523808,0.0016517305592800033
2025-02-24,Extreme Greed,0.0,,,,0,,0.0,,
2025-02-25,Extreme Fear,-100.81142999999999,-1.4610352173913042,0.0,11.951955064386201,69,14870.815507246378,1026086.27,0.0,-0.001168967517877111
2025-02-25,Fear,0.0,,,,0,,0.0,,
2025-02-25,Greed,0.0,,,,0,,0.0,,
2025-02-25,Extreme Greed,0.0,,,,0,,0.0,,
2025-02-26,Extreme Fear,-837.988524,-64.4606556923077,0.0,244.9085237672181,13,8230.491538461538,106996.39,0.07692307692307693,-0.009375050645113582
2025-02-26,Fear,0.0,,,,0,,0.0,,
2025-02-26,Greed,0.0,,,,0,,0.0,,
2025-02-26,Extreme Greed,0.0,,,,0,,0.0,,
2025-02-27,Extreme Fear,-48309.15376,-1238.6962502564104,-1.16577,2097.5139206552954,39,17776.157435897436,693270.14,0.0,-0.05047335229306107
2025-02-27,Fear,0.0,,,,0,,0.0,,
2025-02-27,Greed,0.0,,,,0,,0.0,,
2025-02-27,Extreme Greed,0.0,,,,0,,0.0,,
2025-02-28,Extreme Fear,-3753.016201,-144.34677696153847,0.0,730.7366953351644,26,8322.351153846153,216381.13,0.038461538461538464,-0.013586233724993605
2025-02-28,Fear,0.0,,,,0,,0.0,,
2025-02-28,Greed,0.0,,,,0,,0.0,,
2025-02-28,Extreme Greed,0.0,,,,0,,0.0,,
2025-03-01,Extreme Fear,-4.752222,-1.1880555,3.1537395,22.141003335252066,4,1704.4524999999999,6817.8099999999995,0.5,0.002577507681731609
2025-03-01,Fear,0.0,,,,0,,0.0,,
2025-03-01,Greed,0.0,,,,0,,0.0,,
2025-03-01,Extreme Greed,0.0,,,,0,,0.0,,
2025-03-02,Extreme Fear,0.0,,,,0,,0.0,,
2025-03-02,Fear,11781.882715,226.57466759615383,8.0495845,578.420949191031,52,29168.369807692306,1516755.23,0.5576923076923077,0.006972575639080648
2025-03-02,Greed,0.0,,,,0,,0.0,,
2025-03-02,Extreme Greed,0.0,,,,0,,0.0,,
2025-03-03,Extreme Fear,0.0,,,,0,,0.0,,
2025-03-03,Fear,6357.264759,147.84336648837208,0.0,378.57571207319955,43,16521.612790697673,710429.35,0.27906976744186046,0.003975069717685764
2025-03-03,Greed,0.0,,,,0,,0.0,,
2025-03-03,Extreme Greed,0.0,,,,0,,0.0,,
2025-03-04,Extreme Fear,8072.354623,113.69513553521126,0.0,451.376277678238,71,24074.306338028167,1709275.75,0.43661971830985913,0.006405473226770374
2025-03-04,Fear,0.0,,,,0,,0.0,,
2025-03-04,Greed,0.0,,,,0,,0.0,,
2025-03-04,Extreme Greed,0.0,,,,0,,0.0,,
2025-03-05,Extreme Fear,6453.365725,94.90243713235293,0.0,325.6307100183173,68,25754.203970588238,1751285.87,0.47058823529411764,0.0036450334307524743
2025-03-05,Fear,0.0,,,,0,,0.0,,
2025-03-05,Greed,0.0,,,,0,,0.0,,
2025-03-05,Extreme Greed,0.0,,,,0,,0.0,,
2025-03-06,Extreme Fear,3092.547642,64.428075875,0.0,189.50932069685365,48,13739.77125,659509.02,0.2916666666666667,0.0047610004948565494
2025-03-06,Fear,0.0,,,,0,,0.0,,
2025-03-06,Greed,0.0,,,,0,,0.0,,
2025-03-06,Extreme Greed,0.0,,,,0,,0.0,,
2025-03-07,Extreme Fear,0.0,,,,0,,0.0,,
2025-03-07,Fear,13794.805979,108.62051951968505,0.205824,516.1910817647364,127,38507.97535433071,4890512.87,0.5039370078740157,0.0051641639907081234
2025-03-07,Greed,0.0,,,,0,,0.0,,
2025-03-07,Extreme Greed,0.0,,,,0,,0.0,,
2025-03-08,Extreme Fear,0.0,,,,0,,0.0,,
2025-03-08,Fear,9.379760000000001,0.49367157894736846,0.0,1.8255854253765746,19,6323.482105263158,120146.16,0.10526315789473684,0.007300749568725413
2025-03-08,Greed,0.0,,,,0,,0.0,,
2025-03-08,Extreme Greed,0.0,,,,0,,0.0,,
2025-03-09,Extreme Fear,0.0,,,,0,,0.0,,
2025-03-09,Fear,2.234,0.18616666666666667,0.0,0.6449002506848119,12,34988.689999999995,419864.27999999997,0.08333333333333333,0.008937429988798208
2025-03-09,Greed,0.0,,,,0,,0.0,,
2025-03-09,Extreme Greed,0.0,,,,0,,0.0,,
2025-03-10,Extreme Fear,14133.352804,134.60336003809525,0.0,274.9655008090029,105,24769.390666666666,2600786.02,0.4095238095238095,0.0044285828644451105
2025-03-10,Fear,0.0,,,,0,,0.0,,
2025-03-10,Greed,0.0,,,,0,,0.0,,
2025-03-10,Extreme Greed,0.0,,,,0,,0.0,,
2025-03-11,Extreme Fear,11940.348093999999,127.02497972340424,0.0,709.0428808042757,94,12770.917872340426,1200466.28,0.2553191489361702,0.006865557919959886
2025-03-11,Fear,0.0,,,,0,,0.0,,
2025-03-11,Greed,0.0,,,,0,,0.0,,
2025-03-11,Extreme Greed,0.0,,,,0,,0.0,,
2025-03-12,Extreme Fear,0.0,,,,0,,0.0,,
2025-03-12,Fear,-12124.624141999999,-63.8138112736842,0.0,836.0108623212105,190,29462.645157894738,5597902.58,0.3736842105263158,-0.000283152996212971
2025-03-12,Greed,0.0,,,,0,,0.0,,
2025-03-12,Extreme Greed,0.0,,,,0,,0.0,,
2025-03-13,Extreme Fear,0.0,,,,0,,0.0,,
2025-03-13,Fear,9667.544464,153.45308673015873,0.0,360.49735074817653,63,27704.335714285713,1745373.15,0.49206349206349204,0.006099579075303712
2025-03-13,Greed,0.0,,,,0,,0.0,,
2025-03-13,Extreme Greed,0.0,,,,0,,0.0,,
2025-03-14,Extreme Fear,0.0,,,,0,,0.0,,
2025-03-14,Fear,12228.126441,114.28155552336449,0.3416,360.9719585947454,107,36203.27177570094,3873750.08,0.5233644859813084,0.002703349262218051
2025-03-14,Greed,0.0,,,,0,,0.0,,
2025-03-14,Extreme Greed,0.0,,,,0,,0.0,,
2025-03-15,Extreme Fear,0.0,,,,0,,0.0,,
2025-03-15,Fear,0.0,,,,0,,0.0,,
2025-03-15,Greed,1170.517718,16.034489287671235,0.20496,43.898639596856704,73,27791.897534246575,2028808.52,0.6027397260273972,0.0007867209433921669
2025-03-15,Extreme Greed,0.0,,,,0,,0.0,,
2025-03-16,Extreme Fear,0.0,,,,0,,0.0,,
2025-03-16,Fear,-10164.848620999997,-34.69231611262798,0.0,1019.467169682005,293,32332.83505119454,9473520.67,0.24573378839590443,0.0008052756376045003
2025-03-16,Greed,0.0,,,,0,,0.0,,
2025-03-16,Extreme Greed,0.0,,,,0,,0.0,,
2025-03-17,Extreme Fear,0.0,,,,0,,0.0,,
2025-03-17,Fear,3033.115216,42.12660022222222,0.255015,223.57941392192942,72,31302.94263888889,2253811.87,0.625,0.002525855712353804
2025-03-17,Greed,0.0,,,,0,,0.0,,
2025-03-17,Extreme Greed,0.0,,,,0,,0.0,,
2025-03-18,Extreme Fear,0.0,,,,0,,0.0,,
2025-03-18,Fear,6949.565387,57.913044891666665,0.0,462.2045747248557,120,21418.49925,2570219.91,0.15,0.0012343444155140262
2025-03-18,Greed,0.0,,,,0,,0.0,,
2025-03-18,Extreme Greed,0.0,,,,0,,0.0,,
2025-03-19,Extreme Fear,0.0,,,,0,,0.0,,
2025-03-19,Fear,12390.732356,57.36450164814815,4.092,183.58442417267582,216,7298.747314814815,1576529.42,0.6944444444444444,0.007723326996856347
2025-03-19,Greed,0.0,,,,0,,0.0,,
2025-03-19,Extreme Greed,0.0,,,,0,,0.0,,
2025-03-20,Extreme Fear,0.0,,,,0,,0.0,,
2025-03-20,Fear,0.0,,,,0,,0.0,,
2025-03-20,Greed,12.166924999999999,0.5793773809523809,0.0,1.4048090270474658,21,10190.489523809523,214000.28,0.42857142857142855,0.002334197775348955
2025-03-20,Extreme Greed,0.0,,,,0,,0.0,,
2025-03-21,Extreme Fear,0.0,,,,0,,0.0,,
2025-03-21,Fear,829.63013,24.40088617647059,0.0,51.47594492347617,34,51043.57529411765,1735481.56,0.4117647058823529,0.00044073577674929226
2025-03-21,Greed,0.0,,,,0,,0.0,,
2025-03-21,Extreme Greed,0.0,,,,0,,0.0,,
2025-03-22,Extreme Fear,0.0,,,,0,,0.0,,
2025-03-22,Fear,58.007635,2.4169847916666667,0.43375,4.92008010870636,24,12502.583333333334,300062.0,1.0,0.00022529520219325054
2025-03-22,Greed,0.0,,,,0,,0.0,,
2025-03-22,Extreme Greed,0.0,,,,0,,0.0,,
2025-03-23,Extreme Fear,0.0,,,,0,,0.0,,
2025-03-23,Fear,1042.04782,34.73492733333333,0.00141,93.35032082571313,30,55909.959,1677298.77,0.5,0.0022341117783113563
2025-03-23,Greed,0.0,,,,0,,0.0,,
2025-03-23,Extreme Greed,0.0,,,,0,,0.0,,
2025-03-24,Extreme Fear,0.0,,,,0,,0.0,,
2025-03-24,Fear,1963.0,51.6578947368421,0.0,172.0751275326093,38,8424.263421052632,320122.01,0.42105263157894735,0.006756968592557038
2025-03-24,Greed,0.0,,,,0,,0.0,,
2025-03-24,Extreme Greed,0.0,,,,0,,0.0,,
2025-03-25,Extreme Fear,0.0,,,,0,,0.0,,
2025-03-25,Fear,0.0,,,,0,,0.0,,
2025-03-25,Greed,-602.4222659999999,-5.683228924528301,0.0,73.37431413609859,106,33598.06462264151,3561394.85,0.2641509433962264,9.036339069204928e-05
2025-03-25,Extreme Greed,0.0,,,,0,,0.0,,
2025-03-26,Extreme Fear,0.0,,,,0,,0.0,,
2025-03-26,Fear,0.0,,,,0,,0.0,,
2025-03-26,Greed,3067.497178,82.90532913513513,0.0,248.77291427329249,37,17247.457837837836,638155.94,0.24324324324324326,0.002470981885081258
2025-03-26,Extreme Greed,0.0,,,,0,,0.0,,
2025-03-27,Extreme Fear,0.0,,,,0,,0.0,,
2025-03-27,Fear,5223.319769,63.699021573170725,0.0,209.812711300794,82,20157.200243902436,1652890.42,0.2682926829268293,0.0023567024991763223
2025-03-27,Greed,0.0,,,,0,,0.0,,
2025-03-27,Extreme Greed,0.0,,,,0,,0.0,,
2025-03-28,Extreme Fear,0.0,,,,0,,0.0,,
2025-03-28,Fear,1342.0,20.96875,0.0,99.62138592469104,64,8550.71296875,547245.63,0.0625,0.0004804992775749521
2025-03-28,Greed,0.0,,,,0,,0.0,,
2025-03-28,Extreme Greed,0.0,,,,0,,0.0,,
2025-03-29,Extreme Fear,0.0,,,,0,,0.0,,
2025-03-29,Fear,0.0,0.0,0.0,0.0,53,9056.581886792454,479998.84,0.0,0.0
2025-03-29,Greed,0.0,,,,0,,0.0,,
2025-03-29,Extreme Greed,0.0,,,,0,,0.0,,
2025-03-30,Extreme Fear,0.0,,,,0,,0.0,,
2025-03-30,Fear,2962.275906,59.24551812,0.032262,320.6434634446529,50,30783.732200000002,1539186.61,0.52,0.0009169890930730999
2025-03-30,Greed,0.0,,,,0,,0.0,,
2025-03-30,Extreme Greed,0.0,,,,0,,0.0,,
2025-03-31,Extreme Fear,0.0,,,,0,,0.0,,
2025-03-31,Fear,-4192.02783,-83.8405566,0.134975,866.8650336654263,50,27402.3712,1370118.56,0.52,0.0020349409068276493
2025-03-31,Greed,0.0,,,,0,,0.0,,
2025-03-31,Extreme Greed,0.0,,,,0,,0.0,,
2025-04-01,Extreme Fear,0.0,,,,0,,0.0,,
2025-04-01,Fear,4844.014969,186.30826803846153,0.0,412.3971793619504,26,9320.958076923078,242344.91,0.4230769230769231,0.010555905357460958
2025-04-01,Greed,0.0,,,,0,,0.0,,
2025-04-01,Extreme Greed,0.0,,,,0,,0.0,,
2025-04-02,Extreme Fear,0.0,,,,0,,0.0,,
2025-04-02,Fear,3154.6882480000004,33.921379010752695,1.92222,231.17015464053497,93,8843.258924731183,822423.08,0.7956989247311828,0.0020158948302862103
2025-04-02,Greed,0.0,,,,0,,0.0,,
2025-04-02,Extreme Greed,0.0,,,,0,,0.0,,
2025-04-03,Extreme Fear,2511.726925,27.908076944444442,0.0,214.68346401171345,90,18247.876666666667,1642308.9,0.08888888888888889,0.0006854150698093321
2025-04-03,Fear,0.0,,,,0,,0.0,,
2025-04-03,Greed,0.0,,,,0,,0.0,,
2025-04-03,Extreme Greed,0.0,,,,0,,0.0,,
2025-04-04,Extreme Fear,0.0,,,,0,,0.0,,
2025-04-04,Fear,-4625.811339,-78.40358201694914,0.0,664.433291402772,59,13819.75440677966,815365.51,0.2542372881355932,-0.007114430731321063
2025-04-04,Greed,0.0,,,,0,,0.0,,
2025-04-04,Extreme Greed,0.0,,,,0,,0.0,,
2025-04-05,Extreme Fear,0.0,,,,0,,0.0,,
2025-04-05,Fear,3021.14613,111.89430111111112,0.0471,462.9024480551161,27,16727.406296296296,451639.97000000003,0.5185185185185185,0.0027273239960912787
2025-04-05,Greed,0.0,,,,0,,0.0,,
2025-04-05,Extreme Greed,0.0,,,,0,,0.0,,
2025-04-06,Extreme Fear,0.0,,,,0,,0.0,,
2025-04-06,Fear,0.06021,0.0031689473684210524,0.0,0.013813121336346523,19,17985.29263157895,341720.56,0.05263157894736842,6.338097555963895e-07
2025-04-06,Greed,0.0,,,,0,,0.0,,
2025-04-06,Extreme Greed,0.0,,,,0,,0.0,,
2025-04-07,Extreme Fear,9135.50088,25.58963831932773,0.0,141.72351701119618,357,15763.859439775912,5627697.82,0.24089635854341737,0.001745943591837776
2025-04-07,Fear,0.0,,,,0,,0.0,,
2025-04-07,Greed,0.0,,,,0,,0.0,,
2025-04-07,Extreme Greed,0.0,,,,0,,0.0,,
2025-04-08,Extreme Fear,25403.731158,67.38390227586207,0.0,429.35597123136307,377,20860.107320954907,7864260.46,0.3156498673740053,0.0018424266494716074
2025-04-08,Fear,0.0,,,,0,,0.0,,
2025-04-08,Greed,0.0,,,,0,,0.0,,
2025-04-08,Extreme Greed,0.0,,,,0,,0.0,,
2025-04-09,Extreme Fear,-19176.902264,-31.48916627914614,0.0,1455.3048641269686,609,24547.27752052545,14949292.01,0.33497536945812806,0.002220141687860525
2025-04-09,Fear,0.0,,,,0,,0.0,,
2025-04-09,Greed,0.0,,,,0,,0.0,,
2025-04-09,Extreme Greed,0.0,,,,0,,0.0,,
2025-04-10,Extreme Fear,0.0,,,,0,,0.0,,
2025-04-10,Fear,59932.891062,59.105415248520714,0.31353,272.03448794988043,1014,22313.067297830374,22625450.24,0.6696252465483234,0.00714214464005555
2025-04-10,Greed,0.0,,,,0,,0.0,,
2025-04-10,Extreme Greed,0.0,,,,0,,0.0,,
2025-04-11,Extreme Fear,5741.007623999999,23.625545777777774,0.0,338.3339940052784,243,33197.77699588478,8067059.8100000005,0.24691358024691357,0.0002824546030196697
2025-04-11,Fear,0.0,,,,0,,0.0,,
2025-04-11,Greed,0.0,,,,0,,0.0,,
2025-04-11,Extreme Greed,0.0,,,,0,,0.0,,
2025-04-12,Extreme Fear,0.0,,,,0,,0.0,,
2025-04-12,Fear,88202.574738,67.4331611146789,0.0,715.9630012886303,1308,40602.32994648318,53107847.57,0.15214067278287463,0.0006070580929140316
2025-04-12,Greed,0.0,,,,0,,0.0,,
2025-04-12,Extreme Greed,0.0,,,,0,,0.0,,
2025-04-13,Extreme Fear,0.0,,,,0,,0.0,,
2025-04-13,Fear,48073.000938,96.33867923446893,0.0,465.9793367250796,499,24525.430360721442,12238189.75,0.374749498997996,0.0038770865671727134
2025-04-13,Greed,0.0,,,,0,,0.0,,
2025-04-13,Extreme Greed,0.0,,,,0,,0.0,,
2025-04-14,Extreme Fear,0.0,,,,0,,0.0,,
2025-04-14,Fear,12409.772845,35.76303413544669,0.0,335.7898191267102,347,31868.354899135447,11058319.15,0.207492795389049,-0.0008824998728620449
2025-04-14,Greed,0.0,,,,0,,0.0,,
2025-04-14,Extreme Greed,0.0,,,,0,,0.0,,
2025-04-15,Extreme Fear,0.0,,,,0,,0.0,,
2025-04-15,Fear,60473.96825,71.56682633136094,0.429156,577.1211934155617,845,23974.043053254438,20258066.38,0.5715976331360947,0.003772374597952147
2025-04-15,Greed,0.0,,,,0,,0.0,,
2025-04-15,Extreme Greed,0.0,,,,0,,0.0,,
2025-04-16,Extreme Fear,0.0,,,,0,,0.0,,
2025-04-16,Fear,54150.758033,59.44100772008781,0.0,474.5830838161705,911,38886.82122941822,35425894.14,0.3940724478594951,0.0017287266901126926
2025-04-16,Greed,0.0,,,,0,,0.0,,
2025-04-16,Extreme Greed,0.0,,,,0,,0.0,,
2025-04-17,Extreme Fear,0.0,,,,0,,0.0,,
2025-04-17,Fear,1603.120195,80.15600975,0.0,218.44949177216074,20,54223.264,1084465.28,0.4,0.004321789962899668
2025-04-17,Greed,0.0,,,,0,,0.0,,
2025-04-17,Extreme Greed,0.0,,,,0,,0.0,,
2025-04-18,Extreme Fear,0.0,,,,0,,0.0,,
2025-04-18,Fear,36051.688064,104.19563024277457,4.2072,371.3877057201718,346,63288.082167630055,21897676.43,0.7283236994219653,0.002267834569291415
2025-04-18,Greed,0.0,,,,0,,0.0,,
2025-04-18,Extreme Greed,0.0,,,,0,,0.0,,
2025-04-19,Extreme Fear,0.0,,,,0,,0.0,,
2025-04-19,Fear,62072.77644,118.68599701720842,0.0,566.020986538483,523,48469.18481835564,25349383.66,0.3977055449330784,0.0015651859861319163
2025-04-19,Greed,0.0,,,,0,,0.0,,
2025-04-19,Extreme Greed,0.0,,,,0,,0.0,,
2025-04-20,Extreme Fear,0.0,,,,0,,0.0,,
2025-04-20,Fear,-78.029568,-0.46171342011834315,0.0,6.002274461538462,169,50528.61313609467,8539335.62,0.0,-0.00014209539845824452
2025-04-20,Greed,0.0,,,,0,,0.0,,
2025-04-20,Extreme Greed,0.0,,,,0,,0.0,,
2025-04-21,Extreme Fear,0.0,,,,0,,0.0,,
2025-04-21,Fear,12536.813619999999,15.307464737484736,0.0,723.7250760720344,819,47258.61526251526,38704805.9,0.3321123321123321,-6.245458436514472e-05
2025-04-21,Greed,0.0,,,,0,,0.0,,
2025-04-21,Extreme Greed,0.0,,,,0,,0.0,,
2025-04-22,Extreme Fear,0.0,,,,0,,0.0,,
2025-04-22,Fear,0.0,,,,0,,0.0,,
2025-04-22,Greed,54607.772088,111.44443283265306,0.0,890.0546110100262,490,55988.96281632653,27434591.78,0.27346938775510204,0.00098743477996163
2025-04-22,Extreme Greed,0.0,,,,0,,0.0,,
2025-04-23,Extreme Fear,0.0,,,,0,,0.0,,
2025-04-23,Fear,0.0,,,,0,,0.0,,
2025-04-23,Greed,-63206.971975,-75.24639520833334,0.0,1154.2911213182513,840,23540.360428571432,19773902.76,0.22738095238095238,-0.007380637271992149
2025-04-23,Extreme Greed,0.0,,,,0,,0.0,,
2025-04-24,Extreme Fear,0.0,,,,0,,0.0,,
2025-04-24,Fear,0.0,,,,0,,0.0,,
2025-04-24,Greed,35056.529616,50.296312218077475,0.0,255.21532323045656,697,46007.8549928264,32067474.93,0.4347202295552367,0.0009902629190228043
2025-04-24,Extreme Greed,0.0,,,,0,,0.0,,
2025-04-25,Extreme Fear,0.0,,,,0,,0.0,,
2025-04-25,Fear,0.0,,,,0,,0.0,,
2025-04-25,Greed,8410.75479,15.575471833333335,0.014355,50.665318158056756,540,47339.40164814815,25563276.89,0.5518518518518518,0.00040278563838377934
2025-04-25,Extreme Greed,0.0,,,,0,,0.0,,
2025-04-26,Extreme Fear,0.0,,,,0,,0.0,,
2025-04-26,Fear,0.0,,,,0,,0.0,,
2025-04-26,Greed,47.876234000000004,0.16509046206896552,0.0,1.0934070762612178,290,35289.076586206895,10233832.209999999,0.1413793103448276,2.3950589724744792e-05
2025-04-26,Extreme Greed,0.0,,,,0,,0.0,,
2025-04-28,Extreme Fear,0.0,,,,0,,0.0,,
2025-04-28,Fear,0.0,,,,0,,0.0,,
2025-04-28,Greed,35787.345142,50.979124133903134,0.0,531.9517530366186,702,35935.42811965812,25226670.54,0.49715099715099714,7.358238652372939e-05
2025-04-28,Extreme Greed,0.0,,,,0,,0.0,,
2025-04-29,Extreme Fear,0.0,,,,0,,0.0,,
2025-04-29,Fear,0.0,,,,0,,0.0,,
2025-04-29,Greed,56436.36891,93.5926515920398,0.0,638.1480802522934,603,37496.61432835821,22610458.44,0.494195688225539,0.001710613298553893
2025-04-29,Extreme Greed,0.0,,,,0,,0.0,,
2025-04-30,Extreme Fear,0.0,,,,0,,0.0,,
2025-04-30,Fear,0.0,,,,0,,0.0,,
2025-04-30,Greed,5841.438673,24.138176334710742,0.0,110.53145467773135,242,28518.00404958678,6901356.98,0.11983471074380166,0.0009223462620637745
2025-04-30,Extreme Greed,0.0,,,,0,,0.0,,
2025-05-01,Extreme Fear,0.0,,,,0,,0.0,,
2025-05-01,Fear,0.0,,,,0,,0.0,,
2025-05-01,Greed,1220.746604,87.196186,10.960988,126.47502186202814,14,14373.198571428571,201224.78,0.5,0.008013116273272784
2025-05-01,Extreme Greed,0.0,,,,0,,0.0,,
